tmr/fid,tmr/tmr_score,tmr/precision,tmr/recall,tmr/density,tmr/coverage,tmr/R1,tmr/R2,tmr/R3
1156.451904296875,0.0,0.6671875,0.0078125,0.4302083333333333,0.1796875,0.0015625000232830644,0.0031250000465661287,0.0078125
1156.451904296875,0.0,0.6671875,0.0078125,0.4302083333333333,0.1796875,0.0015625000232830644,0.0031250000465661287,0.0078125
1156.451904296875,0.05025392398238182,0.6671875,0.0078125,0.4302083333333333,0.1796875,0.0015625000232830644,0.0031250000465661287,0.0078125
1156.451904296875,0.010712414979934692,0.6671875,0.0078125,0.4302083333333333,0.1796875,0.0015625000232830644,0.0031250000465661287,0.0078125
1156.451904296875,0.0,0.6671875,0.0078125,0.4302083333333333,0.1796875,0.0015625000232830644,0.0031250000465661287,0.0078125
1156.451904296875,0.0,0.6671875,0.0078125,0.4302083333333333,0.1796875,0.0015625000232830644,0.0031250000465661287,0.0078125
1156.451904296875,0.0,0.6671875,0.0078125,0.4302083333333333,0.1796875,0.0015625000232830644,0.0031250000465661287,0.0078125
1156.451904296875,0.0,0.6671875,0.0078125,0.4302083333333333,0.1796875,0.0015625000232830644,0.0031250000465661287,0.0078125
1156.451904296875,0.0,0.6671875,0.0078125,0.4302083333333333,0.1796875,0.0015625000232830644,0.0031250000465661287,0.0078125
1156.451904296875,0.0,0.6671875,0.0078125,0.4302083333333333,0.1796875,0.0015625000232830644,0.0031250000465661287,0.0078125
1156.451904296875,0.0,0.6671875,0.0078125,0.4302083333333333,0.1796875,0.0015625000232830644,0.0031250000465661287,0.0078125
1156.451904296875,0.0036354176700115204,0.6671875,0.0078125,0.4302083333333333,0.1796875,0.0015625000232830644,0.0031250000465661287,0.0078125
1156.451904296875,0.0,0.6671875,0.0078125,0.4302083333333333,0.1796875,0.0015625000232830644,0.0031250000465661287,0.0078125
1156.451904296875,0.0,0.6671875,0.0078125,0.4302083333333333,0.1796875,0.0015625000232830644,0.0031250000465661287,0.0078125
1156.451904296875,0.0,0.6671875,0.0078125,0.4302083333333333,0.1796875,0.0015625000232830644,0.0031250000465661287,0.0078125
1156.451904296875,0.09044668078422546,0.6671875,0.0078125,0.4302083333333333,0.1796875,0.0015625000232830644,0.0031250000465661287,0.0078125
1156.451904296875,0.0039427876472473145,0.6671875,0.0078125,0.4302083333333333,0.1796875,0.0015625000232830644,0.0031250000465661287,0.0078125
1156.451904296875,0.0,0.6671875,0.0078125,0.4302083333333333,0.1796875,0.0015625000232830644,0.0031250000465661287,0.0078125
1156.451904296875,0.0,0.6671875,0.0078125,0.4302083333333333,0.1796875,0.0015625000232830644,0.0031250000465661287,0.0078125
1156.451904296875,0.022976309061050415,0.6671875,0.0078125,0.4302083333333333,0.1796875,0.0015625000232830644,0.0031250000465661287,0.0078125
1156.451904296875,0.0,0.6671875,0.0078125,0.4302083333333333,0.1796875,0.0015625000232830644,0.0031250000465661287,0.0078125
1156.451904296875,0.0,0.6671875,0.0078125,0.4302083333333333,0.1796875,0.0015625000232830644,0.0031250000465661287,0.0078125
1156.451904296875,0.0,0.6671875,0.0078125,0.4302083333333333,0.1796875,0.0015625000232830644,0.0031250000465661287,0.0078125
1156.451904296875,0.0,0.6671875,0.0078125,0.4302083333333333,0.1796875,0.0015625000232830644,0.0031250000465661287,0.0078125
1156.451904296875,0.0,0.6671875,0.0078125,0.4302083333333333,0.1796875,0.0015625000232830644,0.0031250000465661287,0.0078125
1156.451904296875,0.0,0.6671875,0.0078125,0.4302083333333333,0.1796875,0.0015625000232830644,0.0031250000465661287,0.0078125
1156.451904296875,0.0,0.6671875,0.0078125,0.4302083333333333,0.1796875,0.0015625000232830644,0.0031250000465661287,0.0078125
1156.451904296875,0.02926594763994217,0.6671875,0.0078125,0.4302083333333333,0.1796875,0.0015625000232830644,0.0031250000465661287,0.0078125
1156.451904296875,0.0,0.6671875,0.0078125,0.4302083333333333,0.1796875,0.0015625000232830644,0.0031250000465661287,0.0078125
1156.451904296875,0.0,0.6671875,0.0078125,0.4302083333333333,0.1796875,0.0015625000232830644,0.0031250000465661287,0.0078125
1156.451904296875,0.00484820082783699,0.6671875,0.0078125,0.4302083333333333,0.1796875,0.0015625000232830644,0.0031250000465661287,0.0078125
1156.451904296875,0.09974430501461029,0.6671875,0.0078125,0.4302083333333333,0.1796875,0.0015625000232830644,0.0031250000465661287,0.0078125
1156.451904296875,0.011333456262946129,0.6671875,0.0078125,0.4302083333333333,0.1796875,0.0015625000232830644,0.0031250000465661287,0.0078125
1156.451904296875,0.0,0.6671875,0.0078125,0.4302083333333333,0.1796875,0.0015625000232830644,0.0031250000465661287,0.0078125
1156.451904296875,0.0,0.6671875,0.0078125,0.4302083333333333,0.1796875,0.0015625000232830644,0.0031250000465661287,0.0078125
1156.451904296875,0.05855927988886833,0.6671875,0.0078125,0.4302083333333333,0.1796875,0.0015625000232830644,0.0031250000465661287,0.0078125
1156.451904296875,0.0,0.6671875,0.0078125,0.4302083333333333,0.1796875,0.0015625000232830644,0.0031250000465661287,0.0078125
1156.451904296875,0.040647171437740326,0.6671875,0.0078125,0.4302083333333333,0.1796875,0.0015625000232830644,0.0031250000465661287,0.0078125
1156.451904296875,0.0,0.6671875,0.0078125,0.4302083333333333,0.1796875,0.0015625000232830644,0.0031250000465661287,0.0078125
1156.451904296875,0.0,0.6671875,0.0078125,0.4302083333333333,0.1796875,0.0015625000232830644,0.0031250000465661287,0.0078125
1156.451904296875,0.0,0.6671875,0.0078125,0.4302083333333333,0.1796875,0.0015625000232830644,0.0031250000465661287,0.0078125
1156.451904296875,0.0,0.6671875,0.0078125,0.4302083333333333,0.1796875,0.0015625000232830644,0.0031250000465661287,0.0078125
1156.451904296875,0.0,0.6671875,0.0078125,0.4302083333333333,0.1796875,0.0015625000232830644,0.0031250000465661287,0.0078125
1156.451904296875,0.0,0.6671875,0.0078125,0.4302083333333333,0.1796875,0.0015625000232830644,0.0031250000465661287,0.0078125
1156.451904296875,0.1285838931798935,0.6671875,0.0078125,0.4302083333333333,0.1796875,0.0015625000232830644,0.0031250000465661287,0.0078125
1156.451904296875,0.0,0.6671875,0.0078125,0.4302083333333333,0.1796875,0.0015625000232830644,0.0031250000465661287,0.0078125
1156.451904296875,0.0,0.6671875,0.0078125,0.4302083333333333,0.1796875,0.0015625000232830644,0.0031250000465661287,0.0078125
1156.451904296875,0.0,0.6671875,0.0078125,0.4302083333333333,0.1796875,0.0015625000232830644,0.0031250000465661287,0.0078125
1156.451904296875,0.0,0.6671875,0.0078125,0.4302083333333333,0.1796875,0.0015625000232830644,0.0031250000465661287,0.0078125
1156.451904296875,0.0,0.6671875,0.0078125,0.4302083333333333,0.1796875,0.0015625000232830644,0.0031250000465661287,0.0078125
1156.451904296875,0.0,0.6671875,0.0078125,0.4302083333333333,0.1796875,0.0015625000232830644,0.0031250000465661287,0.0078125
1156.451904296875,0.0,0.6671875,0.0078125,0.4302083333333333,0.1796875,0.0015625000232830644,0.0031250000465661287,0.0078125
1156.451904296875,0.0,0.6671875,0.0078125,0.4302083333333333,0.1796875,0.0015625000232830644,0.0031250000465661287,0.0078125
1156.451904296875,0.0,0.6671875,0.0078125,0.4302083333333333,0.1796875,0.0015625000232830644,0.0031250000465661287,0.0078125
1156.451904296875,0.0,0.6671875,0.0078125,0.4302083333333333,0.1796875,0.0015625000232830644,0.0031250000465661287,0.0078125
1156.451904296875,0.20277029275894165,0.6671875,0.0078125,0.4302083333333333,0.1796875,0.0015625000232830644,0.0031250000465661287,0.0078125
1156.451904296875,0.0758090391755104,0.6671875,0.0078125,0.4302083333333333,0.1796875,0.0015625000232830644,0.0031250000465661287,0.0078125
1156.451904296875,0.0,0.6671875,0.0078125,0.4302083333333333,0.1796875,0.0015625000232830644,0.0031250000465661287,0.0078125
1156.451904296875,0.0,0.6671875,0.0078125,0.4302083333333333,0.1796875,0.0015625000232830644,0.0031250000465661287,0.0078125
1156.451904296875,0.0,0.6671875,0.0078125,0.4302083333333333,0.1796875,0.0015625000232830644,0.0031250000465661287,0.0078125
1156.451904296875,0.0,0.6671875,0.0078125,0.4302083333333333,0.1796875,0.0015625000232830644,0.0031250000465661287,0.0078125
1156.451904296875,0.0,0.6671875,0.0078125,0.4302083333333333,0.1796875,0.0015625000232830644,0.0031250000465661287,0.0078125
1156.451904296875,0.0,0.6671875,0.0078125,0.4302083333333333,0.1796875,0.0015625000232830644,0.0031250000465661287,0.0078125
1156.451904296875,0.0965695008635521,0.6671875,0.0078125,0.4302083333333333,0.1796875,0.0015625000232830644,0.0031250000465661287,0.0078125
1156.451904296875,0.0,0.6671875,0.0078125,0.4302083333333333,0.1796875,0.0015625000232830644,0.0031250000465661287,0.0078125
1156.451904296875,0.0,0.6671875,0.0078125,0.4302083333333333,0.1796875,0.0015625000232830644,0.0031250000465661287,0.0078125
1156.451904296875,0.0,0.6671875,0.0078125,0.4302083333333333,0.1796875,0.0015625000232830644,0.0031250000465661287,0.0078125
1156.451904296875,0.0,0.6671875,0.0078125,0.4302083333333333,0.1796875,0.0015625000232830644,0.0031250000465661287,0.0078125
1156.451904296875,0.0,0.6671875,0.0078125,0.4302083333333333,0.1796875,0.0015625000232830644,0.0031250000465661287,0.0078125
1156.451904296875,0.004437066614627838,0.6671875,0.0078125,0.4302083333333333,0.1796875,0.0015625000232830644,0.0031250000465661287,0.0078125
1156.451904296875,0.0,0.6671875,0.0078125,0.4302083333333333,0.1796875,0.0015625000232830644,0.0031250000465661287,0.0078125
1156.451904296875,0.0,0.6671875,0.0078125,0.4302083333333333,0.1796875,0.0015625000232830644,0.0031250000465661287,0.0078125
1156.451904296875,0.0,0.6671875,0.0078125,0.4302083333333333,0.1796875,0.0015625000232830644,0.0031250000465661287,0.0078125
1156.451904296875,0.002558104693889618,0.6671875,0.0078125,0.4302083333333333,0.1796875,0.0015625000232830644,0.0031250000465661287,0.0078125
1156.451904296875,0.08464135229587555,0.6671875,0.0078125,0.4302083333333333,0.1796875,0.0015625000232830644,0.0031250000465661287,0.0078125
1156.451904296875,0.0,0.6671875,0.0078125,0.4302083333333333,0.1796875,0.0015625000232830644,0.0031250000465661287,0.0078125
1156.451904296875,0.041176751255989075,0.6671875,0.0078125,0.4302083333333333,0.1796875,0.0015625000232830644,0.0031250000465661287,0.0078125
1156.451904296875,0.02978113666176796,0.6671875,0.0078125,0.4302083333333333,0.1796875,0.0015625000232830644,0.0031250000465661287,0.0078125
1156.451904296875,0.0,0.6671875,0.0078125,0.4302083333333333,0.1796875,0.0015625000232830644,0.0031250000465661287,0.0078125
1156.451904296875,0.0,0.6671875,0.0078125,0.4302083333333333,0.1796875,0.0015625000232830644,0.0031250000465661287,0.0078125
1156.451904296875,0.0,0.6671875,0.0078125,0.4302083333333333,0.1796875,0.0015625000232830644,0.0031250000465661287,0.0078125
1156.451904296875,0.0,0.6671875,0.0078125,0.4302083333333333,0.1796875,0.0015625000232830644,0.0031250000465661287,0.0078125
1156.451904296875,0.0,0.6671875,0.0078125,0.4302083333333333,0.1796875,0.0015625000232830644,0.0031250000465661287,0.0078125
1156.451904296875,0.0,0.6671875,0.0078125,0.4302083333333333,0.1796875,0.0015625000232830644,0.0031250000465661287,0.0078125
1156.451904296875,0.0,0.6671875,0.0078125,0.4302083333333333,0.1796875,0.0015625000232830644,0.0031250000465661287,0.0078125
1156.451904296875,0.0,0.6671875,0.0078125,0.4302083333333333,0.1796875,0.0015625000232830644,0.0031250000465661287,0.0078125
1156.451904296875,0.0,0.6671875,0.0078125,0.4302083333333333,0.1796875,0.0015625000232830644,0.0031250000465661287,0.0078125
1156.451904296875,0.04718582332134247,0.6671875,0.0078125,0.4302083333333333,0.1796875,0.0015625000232830644,0.0031250000465661287,0.0078125
1156.451904296875,0.0,0.6671875,0.0078125,0.4302083333333333,0.1796875,0.0015625000232830644,0.0031250000465661287,0.0078125
1156.451904296875,0.0,0.6671875,0.0078125,0.4302083333333333,0.1796875,0.0015625000232830644,0.0031250000465661287,0.0078125
1156.451904296875,0.0,0.6671875,0.0078125,0.4302083333333333,0.1796875,0.0015625000232830644,0.0031250000465661287,0.0078125
1156.451904296875,0.0,0.6671875,0.0078125,0.4302083333333333,0.1796875,0.0015625000232830644,0.0031250000465661287,0.0078125
1156.451904296875,0.04449953883886337,0.6671875,0.0078125,0.4302083333333333,0.1796875,0.0015625000232830644,0.0031250000465661287,0.0078125
1156.451904296875,0.03876473009586334,0.6671875,0.0078125,0.4302083333333333,0.1796875,0.0015625000232830644,0.0031250000465661287,0.0078125
1156.451904296875,0.0,0.6671875,0.0078125,0.4302083333333333,0.1796875,0.0015625000232830644,0.0031250000465661287,0.0078125
1156.451904296875,0.0,0.6671875,0.0078125,0.4302083333333333,0.1796875,0.0015625000232830644,0.0031250000465661287,0.0078125
1156.451904296875,0.0,0.6671875,0.0078125,0.4302083333333333,0.1796875,0.0015625000232830644,0.0031250000465661287,0.0078125
1156.451904296875,0.0,0.6671875,0.0078125,0.4302083333333333,0.1796875,0.0015625000232830644,0.0031250000465661287,0.0078125
1156.451904296875,0.0,0.6671875,0.0078125,0.4302083333333333,0.1796875,0.0015625000232830644,0.0031250000465661287,0.0078125
1156.451904296875,0.09504398703575134,0.6671875,0.0078125,0.4302083333333333,0.1796875,0.0015625000232830644,0.0031250000465661287,0.0078125
1156.451904296875,0.0,0.6671875,0.0078125,0.4302083333333333,0.1796875,0.0015625000232830644,0.0031250000465661287,0.0078125
1156.451904296875,0.0,0.6671875,0.0078125,0.4302083333333333,0.1796875,0.0015625000232830644,0.0031250000465661287,0.0078125
1156.451904296875,0.07057470828294754,0.6671875,0.0078125,0.4302083333333333,0.1796875,0.0015625000232830644,0.0031250000465661287,0.0078125
1156.451904296875,0.0,0.6671875,0.0078125,0.4302083333333333,0.1796875,0.0015625000232830644,0.0031250000465661287,0.0078125
1156.451904296875,0.0,0.6671875,0.0078125,0.4302083333333333,0.1796875,0.0015625000232830644,0.0031250000465661287,0.0078125
1156.451904296875,0.0,0.6671875,0.0078125,0.4302083333333333,0.1796875,0.0015625000232830644,0.0031250000465661287,0.0078125
1156.451904296875,0.0,0.6671875,0.0078125,0.4302083333333333,0.1796875,0.0015625000232830644,0.0031250000465661287,0.0078125
1156.451904296875,0.0,0.6671875,0.0078125,0.4302083333333333,0.1796875,0.0015625000232830644,0.0031250000465661287,0.0078125
1156.451904296875,0.013924334198236465,0.6671875,0.0078125,0.4302083333333333,0.1796875,0.0015625000232830644,0.0031250000465661287,0.0078125
1156.451904296875,0.0,0.6671875,0.0078125,0.4302083333333333,0.1796875,0.0015625000232830644,0.0031250000465661287,0.0078125
1156.451904296875,0.044858381152153015,0.6671875,0.0078125,0.4302083333333333,0.1796875,0.0015625000232830644,0.0031250000465661287,0.0078125
1156.451904296875,0.0,0.6671875,0.0078125,0.4302083333333333,0.1796875,0.0015625000232830644,0.0031250000465661287,0.0078125
1156.451904296875,0.0987539142370224,0.6671875,0.0078125,0.4302083333333333,0.1796875,0.0015625000232830644,0.0031250000465661287,0.0078125
1156.451904296875,0.11474987864494324,0.6671875,0.0078125,0.4302083333333333,0.1796875,0.0015625000232830644,0.0031250000465661287,0.0078125
1156.451904296875,0.0,0.6671875,0.0078125,0.4302083333333333,0.1796875,0.0015625000232830644,0.0031250000465661287,0.0078125
1156.451904296875,0.0,0.6671875,0.0078125,0.4302083333333333,0.1796875,0.0015625000232830644,0.0031250000465661287,0.0078125
1156.451904296875,0.0,0.6671875,0.0078125,0.4302083333333333,0.1796875,0.0015625000232830644,0.0031250000465661287,0.0078125
1156.451904296875,0.0,0.6671875,0.0078125,0.4302083333333333,0.1796875,0.0015625000232830644,0.0031250000465661287,0.0078125
1156.451904296875,0.0,0.6671875,0.0078125,0.4302083333333333,0.1796875,0.0015625000232830644,0.0031250000465661287,0.0078125
1156.451904296875,0.0,0.6671875,0.0078125,0.4302083333333333,0.1796875,0.0015625000232830644,0.0031250000465661287,0.0078125
1156.451904296875,0.0,0.6671875,0.0078125,0.4302083333333333,0.1796875,0.0015625000232830644,0.0031250000465661287,0.0078125
1156.451904296875,0.12075881659984589,0.6671875,0.0078125,0.4302083333333333,0.1796875,0.0015625000232830644,0.0031250000465661287,0.0078125
1156.451904296875,0.0,0.6671875,0.0078125,0.4302083333333333,0.1796875,0.0015625000232830644,0.0031250000465661287,0.0078125
1156.451904296875,0.0,0.6671875,0.0078125,0.4302083333333333,0.1796875,0.0015625000232830644,0.0031250000465661287,0.0078125
1156.451904296875,0.0,0.6671875,0.0078125,0.4302083333333333,0.1796875,0.0015625000232830644,0.0031250000465661287,0.0078125
1156.451904296875,0.0,0.6671875,0.0078125,0.4302083333333333,0.1796875,0.0015625000232830644,0.0031250000465661287,0.0078125
1156.451904296875,0.07504885643720627,0.6671875,0.0078125,0.4302083333333333,0.1796875,0.0015625000232830644,0.0031250000465661287,0.0078125
1156.451904296875,0.008649222552776337,0.6671875,0.0078125,0.4302083333333333,0.1796875,0.0015625000232830644,0.0031250000465661287,0.0078125
1156.451904296875,0.0,0.6671875,0.0078125,0.4302083333333333,0.1796875,0.0015625000232830644,0.0031250000465661287,0.0078125
1156.451904296875,0.0798996239900589,0.6671875,0.0078125,0.4302083333333333,0.1796875,0.0015625000232830644,0.0031250000465661287,0.0078125
1156.451904296875,0.018593981862068176,0.6671875,0.0078125,0.4302083333333333,0.1796875,0.0015625000232830644,0.0031250000465661287,0.0078125
1156.451904296875,0.0,0.6671875,0.0078125,0.4302083333333333,0.1796875,0.0015625000232830644,0.0031250000465661287,0.0078125
1156.451904296875,0.03158149868249893,0.6671875,0.0078125,0.4302083333333333,0.1796875,0.0015625000232830644,0.0031250000465661287,0.0078125
1156.451904296875,0.0,0.6671875,0.0078125,0.4302083333333333,0.1796875,0.0015625000232830644,0.0031250000465661287,0.0078125
1156.451904296875,0.018614839762449265,0.6671875,0.0078125,0.4302083333333333,0.1796875,0.0015625000232830644,0.0031250000465661287,0.0078125
1156.451904296875,0.0,0.6671875,0.0078125,0.4302083333333333,0.1796875,0.0015625000232830644,0.0031250000465661287,0.0078125
1156.451904296875,0.0,0.6671875,0.0078125,0.4302083333333333,0.1796875,0.0015625000232830644,0.0031250000465661287,0.0078125
1156.451904296875,0.10224810987710953,0.6671875,0.0078125,0.4302083333333333,0.1796875,0.0015625000232830644,0.0031250000465661287,0.0078125
1156.451904296875,0.0,0.6671875,0.0078125,0.4302083333333333,0.1796875,0.0015625000232830644,0.0031250000465661287,0.0078125
1156.451904296875,0.0,0.6671875,0.0078125,0.4302083333333333,0.1796875,0.0015625000232830644,0.0031250000465661287,0.0078125
1156.451904296875,0.0,0.6671875,0.0078125,0.4302083333333333,0.1796875,0.0015625000232830644,0.0031250000465661287,0.0078125
1156.451904296875,0.0,0.6671875,0.0078125,0.4302083333333333,0.1796875,0.0015625000232830644,0.0031250000465661287,0.0078125
1156.451904296875,0.0,0.6671875,0.0078125,0.4302083333333333,0.1796875,0.0015625000232830644,0.0031250000465661287,0.0078125
1156.451904296875,0.0,0.6671875,0.0078125,0.4302083333333333,0.1796875,0.0015625000232830644,0.0031250000465661287,0.0078125
1156.451904296875,0.0,0.6671875,0.0078125,0.4302083333333333,0.1796875,0.0015625000232830644,0.0031250000465661287,0.0078125
1156.451904296875,0.0,0.6671875,0.0078125,0.4302083333333333,0.1796875,0.0015625000232830644,0.0031250000465661287,0.0078125
1156.451904296875,0.0,0.6671875,0.0078125,0.4302083333333333,0.1796875,0.0015625000232830644,0.0031250000465661287,0.0078125
1156.451904296875,0.0,0.6671875,0.0078125,0.4302083333333333,0.1796875,0.0015625000232830644,0.0031250000465661287,0.0078125
1156.451904296875,0.0,0.6671875,0.0078125,0.4302083333333333,0.1796875,0.0015625000232830644,0.0031250000465661287,0.0078125
1156.451904296875,0.0,0.6671875,0.0078125,0.4302083333333333,0.1796875,0.0015625000232830644,0.0031250000465661287,0.0078125
1156.451904296875,0.05215079337358475,0.6671875,0.0078125,0.4302083333333333,0.1796875,0.0015625000232830644,0.0031250000465661287,0.0078125
1156.451904296875,0.0,0.6671875,0.0078125,0.4302083333333333,0.1796875,0.0015625000232830644,0.0031250000465661287,0.0078125
1156.451904296875,0.0,0.6671875,0.0078125,0.4302083333333333,0.1796875,0.0015625000232830644,0.0031250000465661287,0.0078125
1156.451904296875,0.060880281031131744,0.6671875,0.0078125,0.4302083333333333,0.1796875,0.0015625000232830644,0.0031250000465661287,0.0078125
1156.451904296875,0.0,0.6671875,0.0078125,0.4302083333333333,0.1796875,0.0015625000232830644,0.0031250000465661287,0.0078125
1156.451904296875,0.0,0.6671875,0.0078125,0.4302083333333333,0.1796875,0.0015625000232830644,0.0031250000465661287,0.0078125
1156.451904296875,0.0,0.6671875,0.0078125,0.4302083333333333,0.1796875,0.0015625000232830644,0.0031250000465661287,0.0078125
1156.451904296875,0.0,0.6671875,0.0078125,0.4302083333333333,0.1796875,0.0015625000232830644,0.0031250000465661287,0.0078125
1156.451904296875,0.0,0.6671875,0.0078125,0.4302083333333333,0.1796875,0.0015625000232830644,0.0031250000465661287,0.0078125
1156.451904296875,0.0,0.6671875,0.0078125,0.4302083333333333,0.1796875,0.0015625000232830644,0.0031250000465661287,0.0078125
1156.451904296875,0.06041352450847626,0.6671875,0.0078125,0.4302083333333333,0.1796875,0.0015625000232830644,0.0031250000465661287,0.0078125
1156.451904296875,0.06434617936611176,0.6671875,0.0078125,0.4302083333333333,0.1796875,0.0015625000232830644,0.0031250000465661287,0.0078125
1156.451904296875,0.0,0.6671875,0.0078125,0.4302083333333333,0.1796875,0.0015625000232830644,0.0031250000465661287,0.0078125
1156.451904296875,0.0,0.6671875,0.0078125,0.4302083333333333,0.1796875,0.0015625000232830644,0.0031250000465661287,0.0078125
1156.451904296875,0.0,0.6671875,0.0078125,0.4302083333333333,0.1796875,0.0015625000232830644,0.0031250000465661287,0.0078125
1156.451904296875,0.0,0.6671875,0.0078125,0.4302083333333333,0.1796875,0.0015625000232830644,0.0031250000465661287,0.0078125
1156.451904296875,0.0,0.6671875,0.0078125,0.4302083333333333,0.1796875,0.0015625000232830644,0.0031250000465661287,0.0078125
1156.451904296875,0.0,0.6671875,0.0078125,0.4302083333333333,0.1796875,0.0015625000232830644,0.0031250000465661287,0.0078125
1156.451904296875,0.03890889883041382,0.6671875,0.0078125,0.4302083333333333,0.1796875,0.0015625000232830644,0.0031250000465661287,0.0078125
1156.451904296875,0.0,0.6671875,0.0078125,0.4302083333333333,0.1796875,0.0015625000232830644,0.0031250000465661287,0.0078125
1156.451904296875,0.0,0.6671875,0.0078125,0.4302083333333333,0.1796875,0.0015625000232830644,0.0031250000465661287,0.0078125
1156.451904296875,0.04223397374153137,0.6671875,0.0078125,0.4302083333333333,0.1796875,0.0015625000232830644,0.0031250000465661287,0.0078125
1156.451904296875,0.0,0.6671875,0.0078125,0.4302083333333333,0.1796875,0.0015625000232830644,0.0031250000465661287,0.0078125
1156.451904296875,0.0,0.6671875,0.0078125,0.4302083333333333,0.1796875,0.0015625000232830644,0.0031250000465661287,0.0078125
1156.451904296875,0.0,0.6671875,0.0078125,0.4302083333333333,0.1796875,0.0015625000232830644,0.0031250000465661287,0.0078125
1156.451904296875,0.0,0.6671875,0.0078125,0.4302083333333333,0.1796875,0.0015625000232830644,0.0031250000465661287,0.0078125
1156.451904296875,0.0,0.6671875,0.0078125,0.4302083333333333,0.1796875,0.0015625000232830644,0.0031250000465661287,0.0078125
1156.451904296875,0.041911810636520386,0.6671875,0.0078125,0.4302083333333333,0.1796875,0.0015625000232830644,0.0031250000465661287,0.0078125
1156.451904296875,0.0,0.6671875,0.0078125,0.4302083333333333,0.1796875,0.0015625000232830644,0.0031250000465661287,0.0078125
1156.451904296875,0.034509122371673584,0.6671875,0.0078125,0.4302083333333333,0.1796875,0.0015625000232830644,0.0031250000465661287,0.0078125
1156.451904296875,0.0,0.6671875,0.0078125,0.4302083333333333,0.1796875,0.0015625000232830644,0.0031250000465661287,0.0078125
1156.451904296875,0.18741706013679504,0.6671875,0.0078125,0.4302083333333333,0.1796875,0.0015625000232830644,0.0031250000465661287,0.0078125
1156.451904296875,0.0,0.6671875,0.0078125,0.4302083333333333,0.1796875,0.0015625000232830644,0.0031250000465661287,0.0078125
1156.451904296875,0.0,0.6671875,0.0078125,0.4302083333333333,0.1796875,0.0015625000232830644,0.0031250000465661287,0.0078125
1156.451904296875,0.0,0.6671875,0.0078125,0.4302083333333333,0.1796875,0.0015625000232830644,0.0031250000465661287,0.0078125
1156.451904296875,0.0,0.6671875,0.0078125,0.4302083333333333,0.1796875,0.0015625000232830644,0.0031250000465661287,0.0078125
1156.451904296875,0.04284133017063141,0.6671875,0.0078125,0.4302083333333333,0.1796875,0.0015625000232830644,0.0031250000465661287,0.0078125
1156.451904296875,0.0,0.6671875,0.0078125,0.4302083333333333,0.1796875,0.0015625000232830644,0.0031250000465661287,0.0078125
1156.451904296875,0.0,0.6671875,0.0078125,0.4302083333333333,0.1796875,0.0015625000232830644,0.0031250000465661287,0.0078125
1156.451904296875,0.0,0.6671875,0.0078125,0.4302083333333333,0.1796875,0.0015625000232830644,0.0031250000465661287,0.0078125
1156.451904296875,0.0,0.6671875,0.0078125,0.4302083333333333,0.1796875,0.0015625000232830644,0.0031250000465661287,0.0078125
1156.451904296875,0.0,0.6671875,0.0078125,0.4302083333333333,0.1796875,0.0015625000232830644,0.0031250000465661287,0.0078125
1156.451904296875,0.0,0.6671875,0.0078125,0.4302083333333333,0.1796875,0.0015625000232830644,0.0031250000465661287,0.0078125
1156.451904296875,0.0,0.6671875,0.0078125,0.4302083333333333,0.1796875,0.0015625000232830644,0.0031250000465661287,0.0078125
1156.451904296875,0.0,0.6671875,0.0078125,0.4302083333333333,0.1796875,0.0015625000232830644,0.0031250000465661287,0.0078125
1156.451904296875,0.0,0.6671875,0.0078125,0.4302083333333333,0.1796875,0.0015625000232830644,0.0031250000465661287,0.0078125
1156.451904296875,0.0,0.6671875,0.0078125,0.4302083333333333,0.1796875,0.0015625000232830644,0.0031250000465661287,0.0078125
1156.451904296875,0.1271681934595108,0.6671875,0.0078125,0.4302083333333333,0.1796875,0.0015625000232830644,0.0031250000465661287,0.0078125
1156.451904296875,0.0,0.6671875,0.0078125,0.4302083333333333,0.1796875,0.0015625000232830644,0.0031250000465661287,0.0078125
1156.451904296875,0.0,0.6671875,0.0078125,0.4302083333333333,0.1796875,0.0015625000232830644,0.0031250000465661287,0.0078125
1156.451904296875,0.0,0.6671875,0.0078125,0.4302083333333333,0.1796875,0.0015625000232830644,0.0031250000465661287,0.0078125
1156.451904296875,0.0,0.6671875,0.0078125,0.4302083333333333,0.1796875,0.0015625000232830644,0.0031250000465661287,0.0078125
1156.451904296875,0.0,0.6671875,0.0078125,0.4302083333333333,0.1796875,0.0015625000232830644,0.0031250000465661287,0.0078125
1156.451904296875,0.28994616866111755,0.6671875,0.0078125,0.4302083333333333,0.1796875,0.0015625000232830644,0.0031250000465661287,0.0078125
1156.451904296875,0.0,0.6671875,0.0078125,0.4302083333333333,0.1796875,0.0015625000232830644,0.0031250000465661287,0.0078125
1156.451904296875,0.0,0.6671875,0.0078125,0.4302083333333333,0.1796875,0.0015625000232830644,0.0031250000465661287,0.0078125
1156.451904296875,0.0,0.6671875,0.0078125,0.4302083333333333,0.1796875,0.0015625000232830644,0.0031250000465661287,0.0078125
1156.451904296875,0.0,0.6671875,0.0078125,0.4302083333333333,0.1796875,0.0015625000232830644,0.0031250000465661287,0.0078125
1156.451904296875,0.0,0.6671875,0.0078125,0.4302083333333333,0.1796875,0.0015625000232830644,0.0031250000465661287,0.0078125
1156.451904296875,0.0,0.6671875,0.0078125,0.4302083333333333,0.1796875,0.0015625000232830644,0.0031250000465661287,0.0078125
1156.451904296875,0.0,0.6671875,0.0078125,0.4302083333333333,0.1796875,0.0015625000232830644,0.0031250000465661287,0.0078125
1156.451904296875,0.005120456218719482,0.6671875,0.0078125,0.4302083333333333,0.1796875,0.0015625000232830644,0.0031250000465661287,0.0078125
1156.451904296875,0.0,0.6671875,0.0078125,0.4302083333333333,0.1796875,0.0015625000232830644,0.0031250000465661287,0.0078125
1156.451904296875,0.0,0.6671875,0.0078125,0.4302083333333333,0.1796875,0.0015625000232830644,0.0031250000465661287,0.0078125
1156.451904296875,0.11011462658643723,0.6671875,0.0078125,0.4302083333333333,0.1796875,0.0015625000232830644,0.0031250000465661287,0.0078125
1156.451904296875,0.0,0.6671875,0.0078125,0.4302083333333333,0.1796875,0.0015625000232830644,0.0031250000465661287,0.0078125
1156.451904296875,0.0,0.6671875,0.0078125,0.4302083333333333,0.1796875,0.0015625000232830644,0.0031250000465661287,0.0078125
1156.451904296875,0.0,0.6671875,0.0078125,0.4302083333333333,0.1796875,0.0015625000232830644,0.0031250000465661287,0.0078125
1156.451904296875,0.2197248637676239,0.6671875,0.0078125,0.4302083333333333,0.1796875,0.0015625000232830644,0.0031250000465661287,0.0078125
1156.451904296875,0.0,0.6671875,0.0078125,0.4302083333333333,0.1796875,0.0015625000232830644,0.0031250000465661287,0.0078125
1156.451904296875,0.0,0.6671875,0.0078125,0.4302083333333333,0.1796875,0.0015625000232830644,0.0031250000465661287,0.0078125
1156.451904296875,0.0,0.6671875,0.0078125,0.4302083333333333,0.1796875,0.0015625000232830644,0.0031250000465661287,0.0078125
1156.451904296875,0.0,0.6671875,0.0078125,0.4302083333333333,0.1796875,0.0015625000232830644,0.0031250000465661287,0.0078125
1156.451904296875,0.0,0.6671875,0.0078125,0.4302083333333333,0.1796875,0.0015625000232830644,0.0031250000465661287,0.0078125
1156.451904296875,0.0,0.6671875,0.0078125,0.4302083333333333,0.1796875,0.0015625000232830644,0.0031250000465661287,0.0078125
1156.451904296875,0.0,0.6671875,0.0078125,0.4302083333333333,0.1796875,0.0015625000232830644,0.0031250000465661287,0.0078125
1156.451904296875,0.0,0.6671875,0.0078125,0.4302083333333333,0.1796875,0.0015625000232830644,0.0031250000465661287,0.0078125
1156.451904296875,0.0,0.6671875,0.0078125,0.4302083333333333,0.1796875,0.0015625000232830644,0.0031250000465661287,0.0078125
1156.451904296875,0.0,0.6671875,0.0078125,0.4302083333333333,0.1796875,0.0015625000232830644,0.0031250000465661287,0.0078125
1156.451904296875,0.0,0.6671875,0.0078125,0.4302083333333333,0.1796875,0.0015625000232830644,0.0031250000465661287,0.0078125
1156.451904296875,0.0,0.6671875,0.0078125,0.4302083333333333,0.1796875,0.0015625000232830644,0.0031250000465661287,0.0078125
1156.451904296875,0.0,0.6671875,0.0078125,0.4302083333333333,0.1796875,0.0015625000232830644,0.0031250000465661287,0.0078125
1156.451904296875,0.0,0.6671875,0.0078125,0.4302083333333333,0.1796875,0.0015625000232830644,0.0031250000465661287,0.0078125
1156.451904296875,0.028177982196211815,0.6671875,0.0078125,0.4302083333333333,0.1796875,0.0015625000232830644,0.0031250000465661287,0.0078125
1156.451904296875,0.0,0.6671875,0.0078125,0.4302083333333333,0.1796875,0.0015625000232830644,0.0031250000465661287,0.0078125
1156.451904296875,0.0,0.6671875,0.0078125,0.4302083333333333,0.1796875,0.0015625000232830644,0.0031250000465661287,0.0078125
1156.451904296875,0.10204223543405533,0.6671875,0.0078125,0.4302083333333333,0.1796875,0.0015625000232830644,0.0031250000465661287,0.0078125
1156.451904296875,0.0,0.6671875,0.0078125,0.4302083333333333,0.1796875,0.0015625000232830644,0.0031250000465661287,0.0078125
1156.451904296875,0.0,0.6671875,0.0078125,0.4302083333333333,0.1796875,0.0015625000232830644,0.0031250000465661287,0.0078125
1156.451904296875,0.0,0.6671875,0.0078125,0.4302083333333333,0.1796875,0.0015625000232830644,0.0031250000465661287,0.0078125
1156.451904296875,0.07846212387084961,0.6671875,0.0078125,0.4302083333333333,0.1796875,0.0015625000232830644,0.0031250000465661287,0.0078125
1156.451904296875,0.0,0.6671875,0.0078125,0.4302083333333333,0.1796875,0.0015625000232830644,0.0031250000465661287,0.0078125
1156.451904296875,0.0,0.6671875,0.0078125,0.4302083333333333,0.1796875,0.0015625000232830644,0.0031250000465661287,0.0078125
1156.451904296875,0.0,0.6671875,0.0078125,0.4302083333333333,0.1796875,0.0015625000232830644,0.0031250000465661287,0.0078125
1156.451904296875,0.0,0.6671875,0.0078125,0.4302083333333333,0.1796875,0.0015625000232830644,0.0031250000465661287,0.0078125
1156.451904296875,0.0,0.6671875,0.0078125,0.4302083333333333,0.1796875,0.0015625000232830644,0.0031250000465661287,0.0078125
1156.451904296875,0.0,0.6671875,0.0078125,0.4302083333333333,0.1796875,0.0015625000232830644,0.0031250000465661287,0.0078125
1156.451904296875,0.0,0.6671875,0.0078125,0.4302083333333333,0.1796875,0.0015625000232830644,0.0031250000465661287,0.0078125
1156.451904296875,0.1760498285293579,0.6671875,0.0078125,0.4302083333333333,0.1796875,0.0015625000232830644,0.0031250000465661287,0.0078125
1156.451904296875,0.0,0.6671875,0.0078125,0.4302083333333333,0.1796875,0.0015625000232830644,0.0031250000465661287,0.0078125
1156.451904296875,0.0,0.6671875,0.0078125,0.4302083333333333,0.1796875,0.0015625000232830644,0.0031250000465661287,0.0078125
1156.451904296875,0.0,0.6671875,0.0078125,0.4302083333333333,0.1796875,0.0015625000232830644,0.0031250000465661287,0.0078125
1156.451904296875,0.06398189812898636,0.6671875,0.0078125,0.4302083333333333,0.1796875,0.0015625000232830644,0.0031250000465661287,0.0078125
1156.451904296875,0.0,0.6671875,0.0078125,0.4302083333333333,0.1796875,0.0015625000232830644,0.0031250000465661287,0.0078125
1156.451904296875,0.06147654354572296,0.6671875,0.0078125,0.4302083333333333,0.1796875,0.0015625000232830644,0.0031250000465661287,0.0078125
1156.451904296875,0.12637153267860413,0.6671875,0.0078125,0.4302083333333333,0.1796875,0.0015625000232830644,0.0031250000465661287,0.0078125
1156.451904296875,0.0,0.6671875,0.0078125,0.4302083333333333,0.1796875,0.0015625000232830644,0.0031250000465661287,0.0078125
1156.451904296875,0.0,0.6671875,0.0078125,0.4302083333333333,0.1796875,0.0015625000232830644,0.0031250000465661287,0.0078125
1156.451904296875,0.0,0.6671875,0.0078125,0.4302083333333333,0.1796875,0.0015625000232830644,0.0031250000465661287,0.0078125
1156.451904296875,0.0,0.6671875,0.0078125,0.4302083333333333,0.1796875,0.0015625000232830644,0.0031250000465661287,0.0078125
1156.451904296875,0.0,0.6671875,0.0078125,0.4302083333333333,0.1796875,0.0015625000232830644,0.0031250000465661287,0.0078125
1156.451904296875,0.0,0.6671875,0.0078125,0.4302083333333333,0.1796875,0.0015625000232830644,0.0031250000465661287,0.0078125
1156.451904296875,0.0,0.6671875,0.0078125,0.4302083333333333,0.1796875,0.0015625000232830644,0.0031250000465661287,0.0078125
1156.451904296875,0.0,0.6671875,0.0078125,0.4302083333333333,0.1796875,0.0015625000232830644,0.0031250000465661287,0.0078125
1156.451904296875,0.0,0.6671875,0.0078125,0.4302083333333333,0.1796875,0.0015625000232830644,0.0031250000465661287,0.0078125
1156.451904296875,0.09707663953304291,0.6671875,0.0078125,0.4302083333333333,0.1796875,0.0015625000232830644,0.0031250000465661287,0.0078125
1156.451904296875,0.0,0.6671875,0.0078125,0.4302083333333333,0.1796875,0.0015625000232830644,0.0031250000465661287,0.0078125
1156.451904296875,0.0,0.6671875,0.0078125,0.4302083333333333,0.1796875,0.0015625000232830644,0.0031250000465661287,0.0078125
1156.451904296875,0.0,0.6671875,0.0078125,0.4302083333333333,0.1796875,0.0015625000232830644,0.0031250000465661287,0.0078125
1156.451904296875,0.0,0.6671875,0.0078125,0.4302083333333333,0.1796875,0.0015625000232830644,0.0031250000465661287,0.0078125
1156.451904296875,0.0,0.6671875,0.0078125,0.4302083333333333,0.1796875,0.0015625000232830644,0.0031250000465661287,0.0078125
1156.451904296875,0.0,0.6671875,0.0078125,0.4302083333333333,0.1796875,0.0015625000232830644,0.0031250000465661287,0.0078125
1156.451904296875,0.0,0.6671875,0.0078125,0.4302083333333333,0.1796875,0.0015625000232830644,0.0031250000465661287,0.0078125
1156.451904296875,0.0,0.6671875,0.0078125,0.4302083333333333,0.1796875,0.0015625000232830644,0.0031250000465661287,0.0078125
1156.451904296875,0.0,0.6671875,0.0078125,0.4302083333333333,0.1796875,0.0015625000232830644,0.0031250000465661287,0.0078125
1156.451904296875,0.0,0.6671875,0.0078125,0.4302083333333333,0.1796875,0.0015625000232830644,0.0031250000465661287,0.0078125
1156.451904296875,0.04147864133119583,0.6671875,0.0078125,0.4302083333333333,0.1796875,0.0015625000232830644,0.0031250000465661287,0.0078125
1156.451904296875,0.0,0.6671875,0.0078125,0.4302083333333333,0.1796875,0.0015625000232830644,0.0031250000465661287,0.0078125
1156.451904296875,0.0,0.6671875,0.0078125,0.4302083333333333,0.1796875,0.0015625000232830644,0.0031250000465661287,0.0078125
1156.451904296875,0.0,0.6671875,0.0078125,0.4302083333333333,0.1796875,0.0015625000232830644,0.0031250000465661287,0.0078125
1156.451904296875,0.0,0.6671875,0.0078125,0.4302083333333333,0.1796875,0.0015625000232830644,0.0031250000465661287,0.0078125
1156.451904296875,0.0,0.6671875,0.0078125,0.4302083333333333,0.1796875,0.0015625000232830644,0.0031250000465661287,0.0078125
1156.451904296875,0.0,0.6671875,0.0078125,0.4302083333333333,0.1796875,0.0015625000232830644,0.0031250000465661287,0.0078125
1156.451904296875,0.0,0.6671875,0.0078125,0.4302083333333333,0.1796875,0.0015625000232830644,0.0031250000465661287,0.0078125
1156.451904296875,0.0,0.6671875,0.0078125,0.4302083333333333,0.1796875,0.0015625000232830644,0.0031250000465661287,0.0078125
1156.451904296875,0.0,0.6671875,0.0078125,0.4302083333333333,0.1796875,0.0015625000232830644,0.0031250000465661287,0.0078125
1156.451904296875,0.0,0.6671875,0.0078125,0.4302083333333333,0.1796875,0.0015625000232830644,0.0031250000465661287,0.0078125
1156.451904296875,0.0,0.6671875,0.0078125,0.4302083333333333,0.1796875,0.0015625000232830644,0.0031250000465661287,0.0078125
1156.451904296875,0.0,0.6671875,0.0078125,0.4302083333333333,0.1796875,0.0015625000232830644,0.0031250000465661287,0.0078125
1156.451904296875,0.011679939925670624,0.6671875,0.0078125,0.4302083333333333,0.1796875,0.0015625000232830644,0.0031250000465661287,0.0078125
1156.451904296875,0.0,0.6671875,0.0078125,0.4302083333333333,0.1796875,0.0015625000232830644,0.0031250000465661287,0.0078125
1156.451904296875,0.12464085221290588,0.6671875,0.0078125,0.4302083333333333,0.1796875,0.0015625000232830644,0.0031250000465661287,0.0078125
1156.451904296875,0.016684070229530334,0.6671875,0.0078125,0.4302083333333333,0.1796875,0.0015625000232830644,0.0031250000465661287,0.0078125
1156.451904296875,0.011018089950084686,0.6671875,0.0078125,0.4302083333333333,0.1796875,0.0015625000232830644,0.0031250000465661287,0.0078125
1156.451904296875,0.04128819704055786,0.6671875,0.0078125,0.4302083333333333,0.1796875,0.0015625000232830644,0.0031250000465661287,0.0078125
1156.451904296875,0.0,0.6671875,0.0078125,0.4302083333333333,0.1796875,0.0015625000232830644,0.0031250000465661287,0.0078125
1156.451904296875,0.0,0.6671875,0.0078125,0.4302083333333333,0.1796875,0.0015625000232830644,0.0031250000465661287,0.0078125
1156.451904296875,0.0,0.6671875,0.0078125,0.4302083333333333,0.1796875,0.0015625000232830644,0.0031250000465661287,0.0078125
1156.451904296875,0.0,0.6671875,0.0078125,0.4302083333333333,0.1796875,0.0015625000232830644,0.0031250000465661287,0.0078125
1156.451904296875,0.0611925944685936,0.6671875,0.0078125,0.4302083333333333,0.1796875,0.0015625000232830644,0.0031250000465661287,0.0078125
1156.451904296875,0.0,0.6671875,0.0078125,0.4302083333333333,0.1796875,0.0015625000232830644,0.0031250000465661287,0.0078125
1156.451904296875,0.0,0.6671875,0.0078125,0.4302083333333333,0.1796875,0.0015625000232830644,0.0031250000465661287,0.0078125
1156.451904296875,0.0,0.6671875,0.0078125,0.4302083333333333,0.1796875,0.0015625000232830644,0.0031250000465661287,0.0078125
1156.451904296875,0.03075883537530899,0.6671875,0.0078125,0.4302083333333333,0.1796875,0.0015625000232830644,0.0031250000465661287,0.0078125
1156.451904296875,0.0,0.6671875,0.0078125,0.4302083333333333,0.1796875,0.0015625000232830644,0.0031250000465661287,0.0078125
1156.451904296875,0.0,0.6671875,0.0078125,0.4302083333333333,0.1796875,0.0015625000232830644,0.0031250000465661287,0.0078125
1156.451904296875,0.0,0.6671875,0.0078125,0.4302083333333333,0.1796875,0.0015625000232830644,0.0031250000465661287,0.0078125
1156.451904296875,0.0,0.6671875,0.0078125,0.4302083333333333,0.1796875,0.0015625000232830644,0.0031250000465661287,0.0078125
1156.451904296875,0.01531677320599556,0.6671875,0.0078125,0.4302083333333333,0.1796875,0.0015625000232830644,0.0031250000465661287,0.0078125
1156.451904296875,0.0,0.6671875,0.0078125,0.4302083333333333,0.1796875,0.0015625000232830644,0.0031250000465661287,0.0078125
1156.451904296875,0.0,0.6671875,0.0078125,0.4302083333333333,0.1796875,0.0015625000232830644,0.0031250000465661287,0.0078125
1156.451904296875,0.0,0.6671875,0.0078125,0.4302083333333333,0.1796875,0.0015625000232830644,0.0031250000465661287,0.0078125
1156.451904296875,0.0,0.6671875,0.0078125,0.4302083333333333,0.1796875,0.0015625000232830644,0.0031250000465661287,0.0078125
1156.451904296875,0.020417924970388412,0.6671875,0.0078125,0.4302083333333333,0.1796875,0.0015625000232830644,0.0031250000465661287,0.0078125
1156.451904296875,0.0,0.6671875,0.0078125,0.4302083333333333,0.1796875,0.0015625000232830644,0.0031250000465661287,0.0078125
1156.451904296875,0.042503975331783295,0.6671875,0.0078125,0.4302083333333333,0.1796875,0.0015625000232830644,0.0031250000465661287,0.0078125
1156.451904296875,0.07817065715789795,0.6671875,0.0078125,0.4302083333333333,0.1796875,0.0015625000232830644,0.0031250000465661287,0.0078125
1156.451904296875,0.0,0.6671875,0.0078125,0.4302083333333333,0.1796875,0.0015625000232830644,0.0031250000465661287,0.0078125
1156.451904296875,0.015475885942578316,0.6671875,0.0078125,0.4302083333333333,0.1796875,0.0015625000232830644,0.0031250000465661287,0.0078125
1156.451904296875,0.06892342120409012,0.6671875,0.0078125,0.4302083333333333,0.1796875,0.0015625000232830644,0.0031250000465661287,0.0078125
1156.451904296875,0.0003485828638076782,0.6671875,0.0078125,0.4302083333333333,0.1796875,0.0015625000232830644,0.0031250000465661287,0.0078125
1156.451904296875,0.0,0.6671875,0.0078125,0.4302083333333333,0.1796875,0.0015625000232830644,0.0031250000465661287,0.0078125
1156.451904296875,0.0,0.6671875,0.0078125,0.4302083333333333,0.1796875,0.0015625000232830644,0.0031250000465661287,0.0078125
1156.451904296875,0.0,0.6671875,0.0078125,0.4302083333333333,0.1796875,0.0015625000232830644,0.0031250000465661287,0.0078125
1156.451904296875,0.0,0.6671875,0.0078125,0.4302083333333333,0.1796875,0.0015625000232830644,0.0031250000465661287,0.0078125
1156.451904296875,0.0,0.6671875,0.0078125,0.4302083333333333,0.1796875,0.0015625000232830644,0.0031250000465661287,0.0078125
1156.451904296875,0.0,0.6671875,0.0078125,0.4302083333333333,0.1796875,0.0015625000232830644,0.0031250000465661287,0.0078125
1156.451904296875,0.0,0.6671875,0.0078125,0.4302083333333333,0.1796875,0.0015625000232830644,0.0031250000465661287,0.0078125
1156.451904296875,0.0,0.6671875,0.0078125,0.4302083333333333,0.1796875,0.0015625000232830644,0.0031250000465661287,0.0078125
1156.451904296875,0.0,0.6671875,0.0078125,0.4302083333333333,0.1796875,0.0015625000232830644,0.0031250000465661287,0.0078125
1156.451904296875,0.0,0.6671875,0.0078125,0.4302083333333333,0.1796875,0.0015625000232830644,0.0031250000465661287,0.0078125
1156.451904296875,0.06624928116798401,0.6671875,0.0078125,0.4302083333333333,0.1796875,0.0015625000232830644,0.0031250000465661287,0.0078125
1156.451904296875,0.0,0.6671875,0.0078125,0.4302083333333333,0.1796875,0.0015625000232830644,0.0031250000465661287,0.0078125
1156.451904296875,0.0,0.6671875,0.0078125,0.4302083333333333,0.1796875,0.0015625000232830644,0.0031250000465661287,0.0078125
1156.451904296875,0.0,0.6671875,0.0078125,0.4302083333333333,0.1796875,0.0015625000232830644,0.0031250000465661287,0.0078125
1156.451904296875,0.0,0.6671875,0.0078125,0.4302083333333333,0.1796875,0.0015625000232830644,0.0031250000465661287,0.0078125
1156.451904296875,0.0,0.6671875,0.0078125,0.4302083333333333,0.1796875,0.0015625000232830644,0.0031250000465661287,0.0078125
1156.451904296875,0.005434758961200714,0.6671875,0.0078125,0.4302083333333333,0.1796875,0.0015625000232830644,0.0031250000465661287,0.0078125
1156.451904296875,0.2138197124004364,0.6671875,0.0078125,0.4302083333333333,0.1796875,0.0015625000232830644,0.0031250000465661287,0.0078125
1156.451904296875,0.0,0.6671875,0.0078125,0.4302083333333333,0.1796875,0.0015625000232830644,0.0031250000465661287,0.0078125
1156.451904296875,0.0,0.6671875,0.0078125,0.4302083333333333,0.1796875,0.0015625000232830644,0.0031250000465661287,0.0078125
1156.451904296875,0.0,0.6671875,0.0078125,0.4302083333333333,0.1796875,0.0015625000232830644,0.0031250000465661287,0.0078125
1156.451904296875,0.0,0.6671875,0.0078125,0.4302083333333333,0.1796875,0.0015625000232830644,0.0031250000465661287,0.0078125
1156.451904296875,0.0,0.6671875,0.0078125,0.4302083333333333,0.1796875,0.0015625000232830644,0.0031250000465661287,0.0078125
1156.451904296875,0.0,0.6671875,0.0078125,0.4302083333333333,0.1796875,0.0015625000232830644,0.0031250000465661287,0.0078125
1156.451904296875,0.0,0.6671875,0.0078125,0.4302083333333333,0.1796875,0.0015625000232830644,0.0031250000465661287,0.0078125
1156.451904296875,0.0,0.6671875,0.0078125,0.4302083333333333,0.1796875,0.0015625000232830644,0.0031250000465661287,0.0078125
1156.451904296875,0.0,0.6671875,0.0078125,0.4302083333333333,0.1796875,0.0015625000232830644,0.0031250000465661287,0.0078125
1156.451904296875,0.019848311319947243,0.6671875,0.0078125,0.4302083333333333,0.1796875,0.0015625000232830644,0.0031250000465661287,0.0078125
1156.451904296875,0.0,0.6671875,0.0078125,0.4302083333333333,0.1796875,0.0015625000232830644,0.0031250000465661287,0.0078125
1156.451904296875,0.08040834218263626,0.6671875,0.0078125,0.4302083333333333,0.1796875,0.0015625000232830644,0.0031250000465661287,0.0078125
1156.451904296875,0.0,0.6671875,0.0078125,0.4302083333333333,0.1796875,0.0015625000232830644,0.0031250000465661287,0.0078125
1156.451904296875,0.0,0.6671875,0.0078125,0.4302083333333333,0.1796875,0.0015625000232830644,0.0031250000465661287,0.0078125
1156.451904296875,0.0,0.6671875,0.0078125,0.4302083333333333,0.1796875,0.0015625000232830644,0.0031250000465661287,0.0078125
1156.451904296875,0.06590552628040314,0.6671875,0.0078125,0.4302083333333333,0.1796875,0.0015625000232830644,0.0031250000465661287,0.0078125
1156.451904296875,0.0,0.6671875,0.0078125,0.4302083333333333,0.1796875,0.0015625000232830644,0.0031250000465661287,0.0078125
1156.451904296875,0.0,0.6671875,0.0078125,0.4302083333333333,0.1796875,0.0015625000232830644,0.0031250000465661287,0.0078125
1156.451904296875,0.0,0.6671875,0.0078125,0.4302083333333333,0.1796875,0.0015625000232830644,0.0031250000465661287,0.0078125
1156.451904296875,0.0,0.6671875,0.0078125,0.4302083333333333,0.1796875,0.0015625000232830644,0.0031250000465661287,0.0078125
1156.451904296875,0.0,0.6671875,0.0078125,0.4302083333333333,0.1796875,0.0015625000232830644,0.0031250000465661287,0.0078125
1156.451904296875,0.01057126559317112,0.6671875,0.0078125,0.4302083333333333,0.1796875,0.0015625000232830644,0.0031250000465661287,0.0078125
1156.451904296875,0.015308002009987831,0.6671875,0.0078125,0.4302083333333333,0.1796875,0.0015625000232830644,0.0031250000465661287,0.0078125
1156.451904296875,0.0,0.6671875,0.0078125,0.4302083333333333,0.1796875,0.0015625000232830644,0.0031250000465661287,0.0078125
1156.451904296875,0.0,0.6671875,0.0078125,0.4302083333333333,0.1796875,0.0015625000232830644,0.0031250000465661287,0.0078125
1156.451904296875,0.0,0.6671875,0.0078125,0.4302083333333333,0.1796875,0.0015625000232830644,0.0031250000465661287,0.0078125
1156.451904296875,0.0,0.6671875,0.0078125,0.4302083333333333,0.1796875,0.0015625000232830644,0.0031250000465661287,0.0078125
1156.451904296875,0.0,0.6671875,0.0078125,0.4302083333333333,0.1796875,0.0015625000232830644,0.0031250000465661287,0.0078125
1156.451904296875,0.0,0.6671875,0.0078125,0.4302083333333333,0.1796875,0.0015625000232830644,0.0031250000465661287,0.0078125
1156.451904296875,0.09046300500631332,0.6671875,0.0078125,0.4302083333333333,0.1796875,0.0015625000232830644,0.0031250000465661287,0.0078125
1156.451904296875,0.0,0.6671875,0.0078125,0.4302083333333333,0.1796875,0.0015625000232830644,0.0031250000465661287,0.0078125
1156.451904296875,0.0,0.6671875,0.0078125,0.4302083333333333,0.1796875,0.0015625000232830644,0.0031250000465661287,0.0078125
1156.451904296875,0.0,0.6671875,0.0078125,0.4302083333333333,0.1796875,0.0015625000232830644,0.0031250000465661287,0.0078125
1156.451904296875,0.07661773264408112,0.6671875,0.0078125,0.4302083333333333,0.1796875,0.0015625000232830644,0.0031250000465661287,0.0078125
1156.451904296875,0.0,0.6671875,0.0078125,0.4302083333333333,0.1796875,0.0015625000232830644,0.0031250000465661287,0.0078125
1156.451904296875,0.016809796914458275,0.6671875,0.0078125,0.4302083333333333,0.1796875,0.0015625000232830644,0.0031250000465661287,0.0078125
1156.451904296875,0.0,0.6671875,0.0078125,0.4302083333333333,0.1796875,0.0015625000232830644,0.0031250000465661287,0.0078125
1156.451904296875,0.0,0.6671875,0.0078125,0.4302083333333333,0.1796875,0.0015625000232830644,0.0031250000465661287,0.0078125
1156.451904296875,0.0,0.6671875,0.0078125,0.4302083333333333,0.1796875,0.0015625000232830644,0.0031250000465661287,0.0078125
1156.451904296875,0.0,0.6671875,0.0078125,0.4302083333333333,0.1796875,0.0015625000232830644,0.0031250000465661287,0.0078125
1156.451904296875,0.0,0.6671875,0.0078125,0.4302083333333333,0.1796875,0.0015625000232830644,0.0031250000465661287,0.0078125
1156.451904296875,0.0,0.6671875,0.0078125,0.4302083333333333,0.1796875,0.0015625000232830644,0.0031250000465661287,0.0078125
1156.451904296875,0.0,0.6671875,0.0078125,0.4302083333333333,0.1796875,0.0015625000232830644,0.0031250000465661287,0.0078125
1156.451904296875,0.0,0.6671875,0.0078125,0.4302083333333333,0.1796875,0.0015625000232830644,0.0031250000465661287,0.0078125
1156.451904296875,0.0,0.6671875,0.0078125,0.4302083333333333,0.1796875,0.0015625000232830644,0.0031250000465661287,0.0078125
1156.451904296875,0.0,0.6671875,0.0078125,0.4302083333333333,0.1796875,0.0015625000232830644,0.0031250000465661287,0.0078125
1156.451904296875,0.0,0.6671875,0.0078125,0.4302083333333333,0.1796875,0.0015625000232830644,0.0031250000465661287,0.0078125
1156.451904296875,0.0,0.6671875,0.0078125,0.4302083333333333,0.1796875,0.0015625000232830644,0.0031250000465661287,0.0078125
1156.451904296875,0.0,0.6671875,0.0078125,0.4302083333333333,0.1796875,0.0015625000232830644,0.0031250000465661287,0.0078125
1156.451904296875,0.2378372848033905,0.6671875,0.0078125,0.4302083333333333,0.1796875,0.0015625000232830644,0.0031250000465661287,0.0078125
1156.451904296875,0.0,0.6671875,0.0078125,0.4302083333333333,0.1796875,0.0015625000232830644,0.0031250000465661287,0.0078125
1156.451904296875,0.0,0.6671875,0.0078125,0.4302083333333333,0.1796875,0.0015625000232830644,0.0031250000465661287,0.0078125
1156.451904296875,0.0,0.6671875,0.0078125,0.4302083333333333,0.1796875,0.0015625000232830644,0.0031250000465661287,0.0078125
1156.451904296875,0.0,0.6671875,0.0078125,0.4302083333333333,0.1796875,0.0015625000232830644,0.0031250000465661287,0.0078125
1156.451904296875,0.0,0.6671875,0.0078125,0.4302083333333333,0.1796875,0.0015625000232830644,0.0031250000465661287,0.0078125
1156.451904296875,0.0,0.6671875,0.0078125,0.4302083333333333,0.1796875,0.0015625000232830644,0.0031250000465661287,0.0078125
1156.451904296875,0.011252034455537796,0.6671875,0.0078125,0.4302083333333333,0.1796875,0.0015625000232830644,0.0031250000465661287,0.0078125
1156.451904296875,0.0,0.6671875,0.0078125,0.4302083333333333,0.1796875,0.0015625000232830644,0.0031250000465661287,0.0078125
1156.451904296875,0.10787293314933777,0.6671875,0.0078125,0.4302083333333333,0.1796875,0.0015625000232830644,0.0031250000465661287,0.0078125
1156.451904296875,0.0,0.6671875,0.0078125,0.4302083333333333,0.1796875,0.0015625000232830644,0.0031250000465661287,0.0078125
1156.451904296875,0.04163024574518204,0.6671875,0.0078125,0.4302083333333333,0.1796875,0.0015625000232830644,0.0031250000465661287,0.0078125
1156.451904296875,0.13255590200424194,0.6671875,0.0078125,0.4302083333333333,0.1796875,0.0015625000232830644,0.0031250000465661287,0.0078125
1156.451904296875,0.0,0.6671875,0.0078125,0.4302083333333333,0.1796875,0.0015625000232830644,0.0031250000465661287,0.0078125
1156.451904296875,0.0,0.6671875,0.0078125,0.4302083333333333,0.1796875,0.0015625000232830644,0.0031250000465661287,0.0078125
1156.451904296875,0.0,0.6671875,0.0078125,0.4302083333333333,0.1796875,0.0015625000232830644,0.0031250000465661287,0.0078125
1156.451904296875,0.0,0.6671875,0.0078125,0.4302083333333333,0.1796875,0.0015625000232830644,0.0031250000465661287,0.0078125
1156.451904296875,0.0,0.6671875,0.0078125,0.4302083333333333,0.1796875,0.0015625000232830644,0.0031250000465661287,0.0078125
1156.451904296875,0.0,0.6671875,0.0078125,0.4302083333333333,0.1796875,0.0015625000232830644,0.0031250000465661287,0.0078125
1156.451904296875,0.0,0.6671875,0.0078125,0.4302083333333333,0.1796875,0.0015625000232830644,0.0031250000465661287,0.0078125
1156.451904296875,0.08097544312477112,0.6671875,0.0078125,0.4302083333333333,0.1796875,0.0015625000232830644,0.0031250000465661287,0.0078125
1156.451904296875,0.0,0.6671875,0.0078125,0.4302083333333333,0.1796875,0.0015625000232830644,0.0031250000465661287,0.0078125
1156.451904296875,0.0,0.6671875,0.0078125,0.4302083333333333,0.1796875,0.0015625000232830644,0.0031250000465661287,0.0078125
1156.451904296875,0.0,0.6671875,0.0078125,0.4302083333333333,0.1796875,0.0015625000232830644,0.0031250000465661287,0.0078125
1156.451904296875,0.0,0.6671875,0.0078125,0.4302083333333333,0.1796875,0.0015625000232830644,0.0031250000465661287,0.0078125
1156.451904296875,0.0,0.6671875,0.0078125,0.4302083333333333,0.1796875,0.0015625000232830644,0.0031250000465661287,0.0078125
1156.451904296875,0.0,0.6671875,0.0078125,0.4302083333333333,0.1796875,0.0015625000232830644,0.0031250000465661287,0.0078125
1156.451904296875,0.06254946440458298,0.6671875,0.0078125,0.4302083333333333,0.1796875,0.0015625000232830644,0.0031250000465661287,0.0078125
1156.451904296875,0.0,0.6671875,0.0078125,0.4302083333333333,0.1796875,0.0015625000232830644,0.0031250000465661287,0.0078125
1156.451904296875,0.0,0.6671875,0.0078125,0.4302083333333333,0.1796875,0.0015625000232830644,0.0031250000465661287,0.0078125
1156.451904296875,0.04336174204945564,0.6671875,0.0078125,0.4302083333333333,0.1796875,0.0015625000232830644,0.0031250000465661287,0.0078125
1156.451904296875,0.010964348912239075,0.6671875,0.0078125,0.4302083333333333,0.1796875,0.0015625000232830644,0.0031250000465661287,0.0078125
1156.451904296875,0.0,0.6671875,0.0078125,0.4302083333333333,0.1796875,0.0015625000232830644,0.0031250000465661287,0.0078125
1156.451904296875,0.04198407381772995,0.6671875,0.0078125,0.4302083333333333,0.1796875,0.0015625000232830644,0.0031250000465661287,0.0078125
1156.451904296875,0.0,0.6671875,0.0078125,0.4302083333333333,0.1796875,0.0015625000232830644,0.0031250000465661287,0.0078125
1156.451904296875,0.0,0.6671875,0.0078125,0.4302083333333333,0.1796875,0.0015625000232830644,0.0031250000465661287,0.0078125
1156.451904296875,0.0,0.6671875,0.0078125,0.4302083333333333,0.1796875,0.0015625000232830644,0.0031250000465661287,0.0078125
1156.451904296875,0.0,0.6671875,0.0078125,0.4302083333333333,0.1796875,0.0015625000232830644,0.0031250000465661287,0.0078125
1156.451904296875,0.032842203974723816,0.6671875,0.0078125,0.4302083333333333,0.1796875,0.0015625000232830644,0.0031250000465661287,0.0078125
1156.451904296875,0.01469592284411192,0.6671875,0.0078125,0.4302083333333333,0.1796875,0.0015625000232830644,0.0031250000465661287,0.0078125
1156.451904296875,0.0,0.6671875,0.0078125,0.4302083333333333,0.1796875,0.0015625000232830644,0.0031250000465661287,0.0078125
1156.451904296875,0.0,0.6671875,0.0078125,0.4302083333333333,0.1796875,0.0015625000232830644,0.0031250000465661287,0.0078125
1156.451904296875,0.0,0.6671875,0.0078125,0.4302083333333333,0.1796875,0.0015625000232830644,0.0031250000465661287,0.0078125
1156.451904296875,0.011092978529632092,0.6671875,0.0078125,0.4302083333333333,0.1796875,0.0015625000232830644,0.0031250000465661287,0.0078125
1156.451904296875,0.0,0.6671875,0.0078125,0.4302083333333333,0.1796875,0.0015625000232830644,0.0031250000465661287,0.0078125
1156.451904296875,0.0,0.6671875,0.0078125,0.4302083333333333,0.1796875,0.0015625000232830644,0.0031250000465661287,0.0078125
1156.451904296875,0.0,0.6671875,0.0078125,0.4302083333333333,0.1796875,0.0015625000232830644,0.0031250000465661287,0.0078125
1156.451904296875,0.0,0.6671875,0.0078125,0.4302083333333333,0.1796875,0.0015625000232830644,0.0031250000465661287,0.0078125
1156.451904296875,0.0,0.6671875,0.0078125,0.4302083333333333,0.1796875,0.0015625000232830644,0.0031250000465661287,0.0078125
1156.451904296875,0.0,0.6671875,0.0078125,0.4302083333333333,0.1796875,0.0015625000232830644,0.0031250000465661287,0.0078125
1156.451904296875,0.019355930387973785,0.6671875,0.0078125,0.4302083333333333,0.1796875,0.0015625000232830644,0.0031250000465661287,0.0078125
1156.451904296875,0.04836525022983551,0.6671875,0.0078125,0.4302083333333333,0.1796875,0.0015625000232830644,0.0031250000465661287,0.0078125
1156.451904296875,0.0,0.6671875,0.0078125,0.4302083333333333,0.1796875,0.0015625000232830644,0.0031250000465661287,0.0078125
1156.451904296875,0.0,0.6671875,0.0078125,0.4302083333333333,0.1796875,0.0015625000232830644,0.0031250000465661287,0.0078125
1156.451904296875,0.0,0.6671875,0.0078125,0.4302083333333333,0.1796875,0.0015625000232830644,0.0031250000465661287,0.0078125
1156.451904296875,0.0,0.6671875,0.0078125,0.4302083333333333,0.1796875,0.0015625000232830644,0.0031250000465661287,0.0078125
1156.451904296875,0.0,0.6671875,0.0078125,0.4302083333333333,0.1796875,0.0015625000232830644,0.0031250000465661287,0.0078125
1156.451904296875,0.0,0.6671875,0.0078125,0.4302083333333333,0.1796875,0.0015625000232830644,0.0031250000465661287,0.0078125
1156.451904296875,0.0,0.6671875,0.0078125,0.4302083333333333,0.1796875,0.0015625000232830644,0.0031250000465661287,0.0078125
1156.451904296875,0.0,0.6671875,0.0078125,0.4302083333333333,0.1796875,0.0015625000232830644,0.0031250000465661287,0.0078125
1156.451904296875,0.0,0.6671875,0.0078125,0.4302083333333333,0.1796875,0.0015625000232830644,0.0031250000465661287,0.0078125
1156.451904296875,0.0,0.6671875,0.0078125,0.4302083333333333,0.1796875,0.0015625000232830644,0.0031250000465661287,0.0078125
1156.451904296875,0.0,0.6671875,0.0078125,0.4302083333333333,0.1796875,0.0015625000232830644,0.0031250000465661287,0.0078125
1156.451904296875,0.0,0.6671875,0.0078125,0.4302083333333333,0.1796875,0.0015625000232830644,0.0031250000465661287,0.0078125
1156.451904296875,0.04535258561372757,0.6671875,0.0078125,0.4302083333333333,0.1796875,0.0015625000232830644,0.0031250000465661287,0.0078125
1156.451904296875,0.10835377871990204,0.6671875,0.0078125,0.4302083333333333,0.1796875,0.0015625000232830644,0.0031250000465661287,0.0078125
1156.451904296875,0.0,0.6671875,0.0078125,0.4302083333333333,0.1796875,0.0015625000232830644,0.0031250000465661287,0.0078125
1156.451904296875,0.0,0.6671875,0.0078125,0.4302083333333333,0.1796875,0.0015625000232830644,0.0031250000465661287,0.0078125
1156.451904296875,0.0,0.6671875,0.0078125,0.4302083333333333,0.1796875,0.0015625000232830644,0.0031250000465661287,0.0078125
1156.451904296875,0.0,0.6671875,0.0078125,0.4302083333333333,0.1796875,0.0015625000232830644,0.0031250000465661287,0.0078125
1156.451904296875,0.036259725689888,0.6671875,0.0078125,0.4302083333333333,0.1796875,0.0015625000232830644,0.0031250000465661287,0.0078125
1156.451904296875,0.0,0.6671875,0.0078125,0.4302083333333333,0.1796875,0.0015625000232830644,0.0031250000465661287,0.0078125
1156.451904296875,0.0,0.6671875,0.0078125,0.4302083333333333,0.1796875,0.0015625000232830644,0.0031250000465661287,0.0078125
1156.451904296875,0.0,0.6671875,0.0078125,0.4302083333333333,0.1796875,0.0015625000232830644,0.0031250000465661287,0.0078125
1156.451904296875,0.0,0.6671875,0.0078125,0.4302083333333333,0.1796875,0.0015625000232830644,0.0031250000465661287,0.0078125
1156.451904296875,0.047343697398900986,0.6671875,0.0078125,0.4302083333333333,0.1796875,0.0015625000232830644,0.0031250000465661287,0.0078125
1156.451904296875,0.0,0.6671875,0.0078125,0.4302083333333333,0.1796875,0.0015625000232830644,0.0031250000465661287,0.0078125
1156.451904296875,0.0,0.6671875,0.0078125,0.4302083333333333,0.1796875,0.0015625000232830644,0.0031250000465661287,0.0078125
1156.451904296875,0.0,0.6671875,0.0078125,0.4302083333333333,0.1796875,0.0015625000232830644,0.0031250000465661287,0.0078125
1156.451904296875,0.0,0.6671875,0.0078125,0.4302083333333333,0.1796875,0.0015625000232830644,0.0031250000465661287,0.0078125
1156.451904296875,0.0,0.6671875,0.0078125,0.4302083333333333,0.1796875,0.0015625000232830644,0.0031250000465661287,0.0078125
1156.451904296875,0.07841148227453232,0.6671875,0.0078125,0.4302083333333333,0.1796875,0.0015625000232830644,0.0031250000465661287,0.0078125
1156.451904296875,0.007531985640525818,0.6671875,0.0078125,0.4302083333333333,0.1796875,0.0015625000232830644,0.0031250000465661287,0.0078125
1156.451904296875,0.0850445032119751,0.6671875,0.0078125,0.4302083333333333,0.1796875,0.0015625000232830644,0.0031250000465661287,0.0078125
1156.451904296875,0.020038364455103874,0.6671875,0.0078125,0.4302083333333333,0.1796875,0.0015625000232830644,0.0031250000465661287,0.0078125
1156.451904296875,0.0,0.6671875,0.0078125,0.4302083333333333,0.1796875,0.0015625000232830644,0.0031250000465661287,0.0078125
1156.451904296875,0.0,0.6671875,0.0078125,0.4302083333333333,0.1796875,0.0015625000232830644,0.0031250000465661287,0.0078125
1156.451904296875,0.0,0.6671875,0.0078125,0.4302083333333333,0.1796875,0.0015625000232830644,0.0031250000465661287,0.0078125
1156.451904296875,0.0,0.6671875,0.0078125,0.4302083333333333,0.1796875,0.0015625000232830644,0.0031250000465661287,0.0078125
1156.451904296875,0.0,0.6671875,0.0078125,0.4302083333333333,0.1796875,0.0015625000232830644,0.0031250000465661287,0.0078125
1156.451904296875,0.0,0.6671875,0.0078125,0.4302083333333333,0.1796875,0.0015625000232830644,0.0031250000465661287,0.0078125
1156.451904296875,0.0,0.6671875,0.0078125,0.4302083333333333,0.1796875,0.0015625000232830644,0.0031250000465661287,0.0078125
1156.451904296875,0.08571695536375046,0.6671875,0.0078125,0.4302083333333333,0.1796875,0.0015625000232830644,0.0031250000465661287,0.0078125
1156.451904296875,0.0,0.6671875,0.0078125,0.4302083333333333,0.1796875,0.0015625000232830644,0.0031250000465661287,0.0078125
1156.451904296875,0.0,0.6671875,0.0078125,0.4302083333333333,0.1796875,0.0015625000232830644,0.0031250000465661287,0.0078125
1156.451904296875,0.0,0.6671875,0.0078125,0.4302083333333333,0.1796875,0.0015625000232830644,0.0031250000465661287,0.0078125
1156.451904296875,0.11231067776679993,0.6671875,0.0078125,0.4302083333333333,0.1796875,0.0015625000232830644,0.0031250000465661287,0.0078125
1156.451904296875,0.0,0.6671875,0.0078125,0.4302083333333333,0.1796875,0.0015625000232830644,0.0031250000465661287,0.0078125
1156.451904296875,0.0,0.6671875,0.0078125,0.4302083333333333,0.1796875,0.0015625000232830644,0.0031250000465661287,0.0078125
1156.451904296875,0.0,0.6671875,0.0078125,0.4302083333333333,0.1796875,0.0015625000232830644,0.0031250000465661287,0.0078125
1156.451904296875,0.0,0.6671875,0.0078125,0.4302083333333333,0.1796875,0.0015625000232830644,0.0031250000465661287,0.0078125
1156.451904296875,0.0,0.6671875,0.0078125,0.4302083333333333,0.1796875,0.0015625000232830644,0.0031250000465661287,0.0078125
1156.451904296875,0.0,0.6671875,0.0078125,0.4302083333333333,0.1796875,0.0015625000232830644,0.0031250000465661287,0.0078125
1156.451904296875,0.053906191140413284,0.6671875,0.0078125,0.4302083333333333,0.1796875,0.0015625000232830644,0.0031250000465661287,0.0078125
1156.451904296875,0.0,0.6671875,0.0078125,0.4302083333333333,0.1796875,0.0015625000232830644,0.0031250000465661287,0.0078125
1156.451904296875,0.0,0.6671875,0.0078125,0.4302083333333333,0.1796875,0.0015625000232830644,0.0031250000465661287,0.0078125
1156.451904296875,0.0,0.6671875,0.0078125,0.4302083333333333,0.1796875,0.0015625000232830644,0.0031250000465661287,0.0078125
1156.451904296875,0.024893715977668762,0.6671875,0.0078125,0.4302083333333333,0.1796875,0.0015625000232830644,0.0031250000465661287,0.0078125
1156.451904296875,0.06748609244823456,0.6671875,0.0078125,0.4302083333333333,0.1796875,0.0015625000232830644,0.0031250000465661287,0.0078125
1156.451904296875,0.0,0.6671875,0.0078125,0.4302083333333333,0.1796875,0.0015625000232830644,0.0031250000465661287,0.0078125
1156.451904296875,0.0,0.6671875,0.0078125,0.4302083333333333,0.1796875,0.0015625000232830644,0.0031250000465661287,0.0078125
1156.451904296875,0.0,0.6671875,0.0078125,0.4302083333333333,0.1796875,0.0015625000232830644,0.0031250000465661287,0.0078125
1156.451904296875,0.1457785964012146,0.6671875,0.0078125,0.4302083333333333,0.1796875,0.0015625000232830644,0.0031250000465661287,0.0078125
1156.451904296875,0.0,0.6671875,0.0078125,0.4302083333333333,0.1796875,0.0015625000232830644,0.0031250000465661287,0.0078125
1156.451904296875,0.0,0.6671875,0.0078125,0.4302083333333333,0.1796875,0.0015625000232830644,0.0031250000465661287,0.0078125
1156.451904296875,0.11891131848096848,0.6671875,0.0078125,0.4302083333333333,0.1796875,0.0015625000232830644,0.0031250000465661287,0.0078125
1156.451904296875,0.040489278733730316,0.6671875,0.0078125,0.4302083333333333,0.1796875,0.0015625000232830644,0.0031250000465661287,0.0078125
1156.451904296875,0.08103302121162415,0.6671875,0.0078125,0.4302083333333333,0.1796875,0.0015625000232830644,0.0031250000465661287,0.0078125
1156.451904296875,0.0,0.6671875,0.0078125,0.4302083333333333,0.1796875,0.0015625000232830644,0.0031250000465661287,0.0078125
1156.451904296875,0.0,0.6671875,0.0078125,0.4302083333333333,0.1796875,0.0015625000232830644,0.0031250000465661287,0.0078125
1156.451904296875,0.0,0.6671875,0.0078125,0.4302083333333333,0.1796875,0.0015625000232830644,0.0031250000465661287,0.0078125
1156.451904296875,0.0,0.6671875,0.0078125,0.4302083333333333,0.1796875,0.0015625000232830644,0.0031250000465661287,0.0078125
1156.451904296875,0.0,0.6671875,0.0078125,0.4302083333333333,0.1796875,0.0015625000232830644,0.0031250000465661287,0.0078125
1156.451904296875,0.0,0.6671875,0.0078125,0.4302083333333333,0.1796875,0.0015625000232830644,0.0031250000465661287,0.0078125
1156.451904296875,0.0,0.6671875,0.0078125,0.4302083333333333,0.1796875,0.0015625000232830644,0.0031250000465661287,0.0078125
1156.451904296875,0.0,0.6671875,0.0078125,0.4302083333333333,0.1796875,0.0015625000232830644,0.0031250000465661287,0.0078125
1156.451904296875,0.0,0.6671875,0.0078125,0.4302083333333333,0.1796875,0.0015625000232830644,0.0031250000465661287,0.0078125
1156.451904296875,0.0,0.6671875,0.0078125,0.4302083333333333,0.1796875,0.0015625000232830644,0.0031250000465661287,0.0078125
1156.451904296875,0.0,0.6671875,0.0078125,0.4302083333333333,0.1796875,0.0015625000232830644,0.0031250000465661287,0.0078125
1156.451904296875,0.11029976606369019,0.6671875,0.0078125,0.4302083333333333,0.1796875,0.0015625000232830644,0.0031250000465661287,0.0078125
1156.451904296875,0.0,0.6671875,0.0078125,0.4302083333333333,0.1796875,0.0015625000232830644,0.0031250000465661287,0.0078125
1156.451904296875,0.0,0.6671875,0.0078125,0.4302083333333333,0.1796875,0.0015625000232830644,0.0031250000465661287,0.0078125
1156.451904296875,0.0,0.6671875,0.0078125,0.4302083333333333,0.1796875,0.0015625000232830644,0.0031250000465661287,0.0078125
1156.451904296875,0.0,0.6671875,0.0078125,0.4302083333333333,0.1796875,0.0015625000232830644,0.0031250000465661287,0.0078125
1156.451904296875,0.0,0.6671875,0.0078125,0.4302083333333333,0.1796875,0.0015625000232830644,0.0031250000465661287,0.0078125
1156.451904296875,0.0,0.6671875,0.0078125,0.4302083333333333,0.1796875,0.0015625000232830644,0.0031250000465661287,0.0078125
1156.451904296875,0.0,0.6671875,0.0078125,0.4302083333333333,0.1796875,0.0015625000232830644,0.0031250000465661287,0.0078125
1156.451904296875,0.19967029988765717,0.6671875,0.0078125,0.4302083333333333,0.1796875,0.0015625000232830644,0.0031250000465661287,0.0078125
1156.451904296875,0.0,0.6671875,0.0078125,0.4302083333333333,0.1796875,0.0015625000232830644,0.0031250000465661287,0.0078125
1156.451904296875,0.0,0.6671875,0.0078125,0.4302083333333333,0.1796875,0.0015625000232830644,0.0031250000465661287,0.0078125
1156.451904296875,0.0,0.6671875,0.0078125,0.4302083333333333,0.1796875,0.0015625000232830644,0.0031250000465661287,0.0078125
1156.451904296875,0.0,0.6671875,0.0078125,0.4302083333333333,0.1796875,0.0015625000232830644,0.0031250000465661287,0.0078125
1156.451904296875,0.0,0.6671875,0.0078125,0.4302083333333333,0.1796875,0.0015625000232830644,0.0031250000465661287,0.0078125
1156.451904296875,0.0,0.6671875,0.0078125,0.4302083333333333,0.1796875,0.0015625000232830644,0.0031250000465661287,0.0078125
1156.451904296875,0.0,0.6671875,0.0078125,0.4302083333333333,0.1796875,0.0015625000232830644,0.0031250000465661287,0.0078125
1156.451904296875,0.0,0.6671875,0.0078125,0.4302083333333333,0.1796875,0.0015625000232830644,0.0031250000465661287,0.0078125
1156.451904296875,0.0,0.6671875,0.0078125,0.4302083333333333,0.1796875,0.0015625000232830644,0.0031250000465661287,0.0078125
1156.451904296875,0.0,0.6671875,0.0078125,0.4302083333333333,0.1796875,0.0015625000232830644,0.0031250000465661287,0.0078125
1156.451904296875,0.0,0.6671875,0.0078125,0.4302083333333333,0.1796875,0.0015625000232830644,0.0031250000465661287,0.0078125
1156.451904296875,0.0,0.6671875,0.0078125,0.4302083333333333,0.1796875,0.0015625000232830644,0.0031250000465661287,0.0078125
1156.451904296875,0.0,0.6671875,0.0078125,0.4302083333333333,0.1796875,0.0015625000232830644,0.0031250000465661287,0.0078125
1156.451904296875,0.02341301366686821,0.6671875,0.0078125,0.4302083333333333,0.1796875,0.0015625000232830644,0.0031250000465661287,0.0078125
1156.451904296875,0.06490720063447952,0.6671875,0.0078125,0.4302083333333333,0.1796875,0.0015625000232830644,0.0031250000465661287,0.0078125
1156.451904296875,0.007470276206731796,0.6671875,0.0078125,0.4302083333333333,0.1796875,0.0015625000232830644,0.0031250000465661287,0.0078125
1156.451904296875,0.0,0.6671875,0.0078125,0.4302083333333333,0.1796875,0.0015625000232830644,0.0031250000465661287,0.0078125
1156.451904296875,0.0,0.6671875,0.0078125,0.4302083333333333,0.1796875,0.0015625000232830644,0.0031250000465661287,0.0078125
1156.451904296875,0.0,0.6671875,0.0078125,0.4302083333333333,0.1796875,0.0015625000232830644,0.0031250000465661287,0.0078125
1156.451904296875,0.0,0.6671875,0.0078125,0.4302083333333333,0.1796875,0.0015625000232830644,0.0031250000465661287,0.0078125
1156.451904296875,0.0,0.6671875,0.0078125,0.4302083333333333,0.1796875,0.0015625000232830644,0.0031250000465661287,0.0078125
1156.451904296875,0.0,0.6671875,0.0078125,0.4302083333333333,0.1796875,0.0015625000232830644,0.0031250000465661287,0.0078125
1156.451904296875,0.0,0.6671875,0.0078125,0.4302083333333333,0.1796875,0.0015625000232830644,0.0031250000465661287,0.0078125
1156.451904296875,0.16028274595737457,0.6671875,0.0078125,0.4302083333333333,0.1796875,0.0015625000232830644,0.0031250000465661287,0.0078125
1156.451904296875,0.0,0.6671875,0.0078125,0.4302083333333333,0.1796875,0.0015625000232830644,0.0031250000465661287,0.0078125
1156.451904296875,0.0,0.6671875,0.0078125,0.4302083333333333,0.1796875,0.0015625000232830644,0.0031250000465661287,0.0078125
1156.451904296875,0.0,0.6671875,0.0078125,0.4302083333333333,0.1796875,0.0015625000232830644,0.0031250000465661287,0.0078125
1156.451904296875,0.039749644696712494,0.6671875,0.0078125,0.4302083333333333,0.1796875,0.0015625000232830644,0.0031250000465661287,0.0078125
1156.451904296875,0.0,0.6671875,0.0078125,0.4302083333333333,0.1796875,0.0015625000232830644,0.0031250000465661287,0.0078125
1156.451904296875,0.0,0.6671875,0.0078125,0.4302083333333333,0.1796875,0.0015625000232830644,0.0031250000465661287,0.0078125
1156.451904296875,0.0,0.6671875,0.0078125,0.4302083333333333,0.1796875,0.0015625000232830644,0.0031250000465661287,0.0078125
1156.451904296875,0.036567382514476776,0.6671875,0.0078125,0.4302083333333333,0.1796875,0.0015625000232830644,0.0031250000465661287,0.0078125
1156.451904296875,0.0,0.6671875,0.0078125,0.4302083333333333,0.1796875,0.0015625000232830644,0.0031250000465661287,0.0078125
1156.451904296875,0.0,0.6671875,0.0078125,0.4302083333333333,0.1796875,0.0015625000232830644,0.0031250000465661287,0.0078125
1156.451904296875,0.0,0.6671875,0.0078125,0.4302083333333333,0.1796875,0.0015625000232830644,0.0031250000465661287,0.0078125
1156.451904296875,0.0,0.6671875,0.0078125,0.4302083333333333,0.1796875,0.0015625000232830644,0.0031250000465661287,0.0078125
1156.451904296875,0.0,0.6671875,0.0078125,0.4302083333333333,0.1796875,0.0015625000232830644,0.0031250000465661287,0.0078125
1156.451904296875,0.0,0.6671875,0.0078125,0.4302083333333333,0.1796875,0.0015625000232830644,0.0031250000465661287,0.0078125
1156.451904296875,0.0,0.6671875,0.0078125,0.4302083333333333,0.1796875,0.0015625000232830644,0.0031250000465661287,0.0078125
1156.451904296875,0.0,0.6671875,0.0078125,0.4302083333333333,0.1796875,0.0015625000232830644,0.0031250000465661287,0.0078125
1156.451904296875,0.0,0.6671875,0.0078125,0.4302083333333333,0.1796875,0.0015625000232830644,0.0031250000465661287,0.0078125
1156.451904296875,0.0,0.6671875,0.0078125,0.4302083333333333,0.1796875,0.0015625000232830644,0.0031250000465661287,0.0078125
1156.451904296875,0.0,0.6671875,0.0078125,0.4302083333333333,0.1796875,0.0015625000232830644,0.0031250000465661287,0.0078125
1156.451904296875,0.0,0.6671875,0.0078125,0.4302083333333333,0.1796875,0.0015625000232830644,0.0031250000465661287,0.0078125
1156.451904296875,0.0,0.6671875,0.0078125,0.4302083333333333,0.1796875,0.0015625000232830644,0.0031250000465661287,0.0078125
1156.451904296875,0.0,0.6671875,0.0078125,0.4302083333333333,0.1796875,0.0015625000232830644,0.0031250000465661287,0.0078125
1156.451904296875,0.0,0.6671875,0.0078125,0.4302083333333333,0.1796875,0.0015625000232830644,0.0031250000465661287,0.0078125
1156.451904296875,0.0,0.6671875,0.0078125,0.4302083333333333,0.1796875,0.0015625000232830644,0.0031250000465661287,0.0078125
1156.451904296875,0.0,0.6671875,0.0078125,0.4302083333333333,0.1796875,0.0015625000232830644,0.0031250000465661287,0.0078125
1156.451904296875,0.0,0.6671875,0.0078125,0.4302083333333333,0.1796875,0.0015625000232830644,0.0031250000465661287,0.0078125
1156.451904296875,0.0,0.6671875,0.0078125,0.4302083333333333,0.1796875,0.0015625000232830644,0.0031250000465661287,0.0078125
1156.451904296875,0.02243756875395775,0.6671875,0.0078125,0.4302083333333333,0.1796875,0.0015625000232830644,0.0031250000465661287,0.0078125
1156.451904296875,0.0,0.6671875,0.0078125,0.4302083333333333,0.1796875,0.0015625000232830644,0.0031250000465661287,0.0078125
1156.451904296875,0.0,0.6671875,0.0078125,0.4302083333333333,0.1796875,0.0015625000232830644,0.0031250000465661287,0.0078125
1156.451904296875,0.0,0.6671875,0.0078125,0.4302083333333333,0.1796875,0.0015625000232830644,0.0031250000465661287,0.0078125
1156.451904296875,0.0,0.6671875,0.0078125,0.4302083333333333,0.1796875,0.0015625000232830644,0.0031250000465661287,0.0078125
1156.451904296875,0.0,0.6671875,0.0078125,0.4302083333333333,0.1796875,0.0015625000232830644,0.0031250000465661287,0.0078125
1156.451904296875,0.0,0.6671875,0.0078125,0.4302083333333333,0.1796875,0.0015625000232830644,0.0031250000465661287,0.0078125
1156.451904296875,0.0,0.6671875,0.0078125,0.4302083333333333,0.1796875,0.0015625000232830644,0.0031250000465661287,0.0078125
1156.451904296875,0.0,0.6671875,0.0078125,0.4302083333333333,0.1796875,0.0015625000232830644,0.0031250000465661287,0.0078125
1156.451904296875,0.0,0.6671875,0.0078125,0.4302083333333333,0.1796875,0.0015625000232830644,0.0031250000465661287,0.0078125
1156.451904296875,0.0,0.6671875,0.0078125,0.4302083333333333,0.1796875,0.0015625000232830644,0.0031250000465661287,0.0078125
1156.451904296875,0.0,0.6671875,0.0078125,0.4302083333333333,0.1796875,0.0015625000232830644,0.0031250000465661287,0.0078125
1156.451904296875,0.03534459322690964,0.6671875,0.0078125,0.4302083333333333,0.1796875,0.0015625000232830644,0.0031250000465661287,0.0078125
1156.451904296875,0.0,0.6671875,0.0078125,0.4302083333333333,0.1796875,0.0015625000232830644,0.0031250000465661287,0.0078125
1156.451904296875,0.0,0.6671875,0.0078125,0.4302083333333333,0.1796875,0.0015625000232830644,0.0031250000465661287,0.0078125
1156.451904296875,0.0,0.6671875,0.0078125,0.4302083333333333,0.1796875,0.0015625000232830644,0.0031250000465661287,0.0078125
1156.451904296875,0.0,0.6671875,0.0078125,0.4302083333333333,0.1796875,0.0015625000232830644,0.0031250000465661287,0.0078125
1156.451904296875,0.016613785177469254,0.6671875,0.0078125,0.4302083333333333,0.1796875,0.0015625000232830644,0.0031250000465661287,0.0078125
1156.451904296875,0.005762968212366104,0.6671875,0.0078125,0.4302083333333333,0.1796875,0.0015625000232830644,0.0031250000465661287,0.0078125
1156.451904296875,0.08420039713382721,0.6671875,0.0078125,0.4302083333333333,0.1796875,0.0015625000232830644,0.0031250000465661287,0.0078125
1156.451904296875,0.0,0.6671875,0.0078125,0.4302083333333333,0.1796875,0.0015625000232830644,0.0031250000465661287,0.0078125
1156.451904296875,0.0,0.6671875,0.0078125,0.4302083333333333,0.1796875,0.0015625000232830644,0.0031250000465661287,0.0078125
1156.451904296875,0.0,0.6671875,0.0078125,0.4302083333333333,0.1796875,0.0015625000232830644,0.0031250000465661287,0.0078125
1156.451904296875,0.0,0.6671875,0.0078125,0.4302083333333333,0.1796875,0.0015625000232830644,0.0031250000465661287,0.0078125
1156.451904296875,0.0,0.6671875,0.0078125,0.4302083333333333,0.1796875,0.0015625000232830644,0.0031250000465661287,0.0078125
1156.451904296875,0.15159644186496735,0.6671875,0.0078125,0.4302083333333333,0.1796875,0.0015625000232830644,0.0031250000465661287,0.0078125
1156.451904296875,0.0,0.6671875,0.0078125,0.4302083333333333,0.1796875,0.0015625000232830644,0.0031250000465661287,0.0078125
1156.451904296875,0.0,0.6671875,0.0078125,0.4302083333333333,0.1796875,0.0015625000232830644,0.0031250000465661287,0.0078125
1156.451904296875,0.0,0.6671875,0.0078125,0.4302083333333333,0.1796875,0.0015625000232830644,0.0031250000465661287,0.0078125
1156.451904296875,0.006381340324878693,0.6671875,0.0078125,0.4302083333333333,0.1796875,0.0015625000232830644,0.0031250000465661287,0.0078125
1156.451904296875,0.0,0.6671875,0.0078125,0.4302083333333333,0.1796875,0.0015625000232830644,0.0031250000465661287,0.0078125
1156.451904296875,0.0,0.6671875,0.0078125,0.4302083333333333,0.1796875,0.0015625000232830644,0.0031250000465661287,0.0078125
1156.451904296875,0.0,0.6671875,0.0078125,0.4302083333333333,0.1796875,0.0015625000232830644,0.0031250000465661287,0.0078125
1156.451904296875,0.0,0.6671875,0.0078125,0.4302083333333333,0.1796875,0.0015625000232830644,0.0031250000465661287,0.0078125
1156.451904296875,0.0,0.6671875,0.0078125,0.4302083333333333,0.1796875,0.0015625000232830644,0.0031250000465661287,0.0078125
1156.451904296875,0.0,0.6671875,0.0078125,0.4302083333333333,0.1796875,0.0015625000232830644,0.0031250000465661287,0.0078125
1156.451904296875,0.0,0.6671875,0.0078125,0.4302083333333333,0.1796875,0.0015625000232830644,0.0031250000465661287,0.0078125
1156.451904296875,0.0,0.6671875,0.0078125,0.4302083333333333,0.1796875,0.0015625000232830644,0.0031250000465661287,0.0078125
1156.451904296875,0.0,0.6671875,0.0078125,0.4302083333333333,0.1796875,0.0015625000232830644,0.0031250000465661287,0.0078125
1156.451904296875,0.0,0.6671875,0.0078125,0.4302083333333333,0.1796875,0.0015625000232830644,0.0031250000465661287,0.0078125
1156.451904296875,0.0,0.6671875,0.0078125,0.4302083333333333,0.1796875,0.0015625000232830644,0.0031250000465661287,0.0078125
1156.451904296875,0.0,0.6671875,0.0078125,0.4302083333333333,0.1796875,0.0015625000232830644,0.0031250000465661287,0.0078125
1156.451904296875,0.0,0.6671875,0.0078125,0.4302083333333333,0.1796875,0.0015625000232830644,0.0031250000465661287,0.0078125
1156.451904296875,0.06522900611162186,0.6671875,0.0078125,0.4302083333333333,0.1796875,0.0015625000232830644,0.0031250000465661287,0.0078125
1156.451904296875,0.12805750966072083,0.6671875,0.0078125,0.4302083333333333,0.1796875,0.0015625000232830644,0.0031250000465661287,0.0078125
1156.451904296875,0.0,0.6671875,0.0078125,0.4302083333333333,0.1796875,0.0015625000232830644,0.0031250000465661287,0.0078125
1156.451904296875,0.0,0.6671875,0.0078125,0.4302083333333333,0.1796875,0.0015625000232830644,0.0031250000465661287,0.0078125
1156.451904296875,0.0,0.6671875,0.0078125,0.4302083333333333,0.1796875,0.0015625000232830644,0.0031250000465661287,0.0078125
1156.451904296875,0.0,0.6671875,0.0078125,0.4302083333333333,0.1796875,0.0015625000232830644,0.0031250000465661287,0.0078125
1156.451904296875,0.0,0.6671875,0.0078125,0.4302083333333333,0.1796875,0.0015625000232830644,0.0031250000465661287,0.0078125
1156.451904296875,0.0,0.6671875,0.0078125,0.4302083333333333,0.1796875,0.0015625000232830644,0.0031250000465661287,0.0078125
1156.451904296875,0.0,0.6671875,0.0078125,0.4302083333333333,0.1796875,0.0015625000232830644,0.0031250000465661287,0.0078125
1156.451904296875,0.0,0.6671875,0.0078125,0.4302083333333333,0.1796875,0.0015625000232830644,0.0031250000465661287,0.0078125
1156.451904296875,0.0713421180844307,0.6671875,0.0078125,0.4302083333333333,0.1796875,0.0015625000232830644,0.0031250000465661287,0.0078125
1156.451904296875,0.0,0.6671875,0.0078125,0.4302083333333333,0.1796875,0.0015625000232830644,0.0031250000465661287,0.0078125
1156.451904296875,0.0,0.6671875,0.0078125,0.4302083333333333,0.1796875,0.0015625000232830644,0.0031250000465661287,0.0078125
1156.451904296875,0.13472774624824524,0.6671875,0.0078125,0.4302083333333333,0.1796875,0.0015625000232830644,0.0031250000465661287,0.0078125
1156.451904296875,0.0,0.6671875,0.0078125,0.4302083333333333,0.1796875,0.0015625000232830644,0.0031250000465661287,0.0078125
1156.451904296875,0.0,0.6671875,0.0078125,0.4302083333333333,0.1796875,0.0015625000232830644,0.0031250000465661287,0.0078125
1156.451904296875,0.0,0.6671875,0.0078125,0.4302083333333333,0.1796875,0.0015625000232830644,0.0031250000465661287,0.0078125
1156.451904296875,0.0,0.6671875,0.0078125,0.4302083333333333,0.1796875,0.0015625000232830644,0.0031250000465661287,0.0078125
1156.451904296875,0.0,0.6671875,0.0078125,0.4302083333333333,0.1796875,0.0015625000232830644,0.0031250000465661287,0.0078125
1156.451904296875,0.0,0.6671875,0.0078125,0.4302083333333333,0.1796875,0.0015625000232830644,0.0031250000465661287,0.0078125
